img1_path,img2_path,label
ValidationSet\RawFaces\Face Dataset\807\6.jpg,ValidationSet\RawFaces\Face Dataset\138\0.jpg,0
ValidationSet\RawFaces\Face Dataset\48\0.jpg,ValidationSet\RawFaces\Face Dataset\48\1.jpg,1
ValidationSet\RawFaces\Face Dataset\840\0.jpg,ValidationSet\RawFaces\Face Dataset\840\1.jpg,1
ValidationSet\RawFaces\Face Dataset\307\1.jpg,ValidationSet\RawFaces\Face Dataset\274\1.jpg,0
ValidationSet\RawFaces\Face Dataset\116\2.jpg,ValidationSet\RawFaces\Face Dataset\116\1.jpg,1
ValidationSet\RawFaces\Face Dataset\367\1.jpg,ValidationSet\RawFaces\Face Dataset\47\0.jpg,0
ValidationSet\RawFaces\Face Dataset\80\0.jpg,ValidationSet\RawFaces\Face Dataset\981\0.jpg,0
ValidationSet\RawFaces\Face Dataset\1129\1.jpg,ValidationSet\RawFaces\Face Dataset\1129\0.jpg,1
ValidationSet\RawFaces\Face Dataset\1251\1.jpg,ValidationSet\RawFaces\Face Dataset\1251\0.jpg,1
ValidationSet\RawFaces\Face Dataset\838\0.jpg,ValidationSet\RawFaces\Face Dataset\1364\0.jpg,0
ValidationSet\RawFaces\Face Dataset\1461\1.jpg,ValidationSet\RawFaces\Face Dataset\1461\3.jpg,1
ValidationSet\RawFaces\Face Dataset\427\0.jpg,ValidationSet\RawFaces\Face Dataset\808\1.jpg,0
ValidationSet\RawFaces\Face Dataset\205\1.jpg,ValidationSet\RawFaces\Face Dataset\1476\1.jpg,0
ValidationSet\RawFaces\Face Dataset\584\4.jpg,ValidationSet\RawFaces\Face Dataset\584\8.jpg,1
ValidationSet\RawFaces\Face Dataset\998\0.jpg,ValidationSet\RawFaces\Face Dataset\998\1.jpg,1
ValidationSet\RawFaces\Face Dataset\1678\3.jpg,ValidationSet\RawFaces\Face Dataset\1678\2.jpg,1
ValidationSet\RawFaces\Face Dataset\573\4.jpg,ValidationSet\RawFaces\Face Dataset\408\11.jpg,0
ValidationSet\RawFaces\Face Dataset\318\1.jpg,ValidationSet\RawFaces\Face Dataset\196\0.jpg,0
ValidationSet\RawFaces\Face Dataset\1370\1.jpg,ValidationSet\RawFaces\Face Dataset\1370\2.jpg,1
ValidationSet\RawFaces\Face Dataset\857\0.jpg,ValidationSet\RawFaces\Face Dataset\857\1.jpg,1
ValidationSet\RawFaces\Face Dataset\1254\2.jpg,ValidationSet\RawFaces\Face Dataset\289\1.jpg,0
ValidationSet\RawFaces\Face Dataset\1412\1.jpg,ValidationSet\RawFaces\Face Dataset\36\0.jpg,0
ValidationSet\RawFaces\Face Dataset\491\0.jpg,ValidationSet\RawFaces\Face Dataset\491\1.jpg,1
ValidationSet\RawFaces\Face Dataset\355\1.jpg,ValidationSet\RawFaces\Face Dataset\355\0.jpg,1
ValidationSet\RawFaces\Face Dataset\479\1.jpg,ValidationSet\RawFaces\Face Dataset\479\0.jpg,1
ValidationSet\RawFaces\Face Dataset\410\3.jpg,ValidationSet\RawFaces\Face Dataset\410\1.jpg,1
ValidationSet\RawFaces\Face Dataset\646\0.jpg,ValidationSet\RawFaces\Face Dataset\547\0.jpg,0
ValidationSet\RawFaces\Face Dataset\711\1.jpg,ValidationSet\RawFaces\Face Dataset\1417\1.jpg,0
ValidationSet\RawFaces\Face Dataset\230\2.jpg,ValidationSet\RawFaces\Face Dataset\63\1.jpg,0
ValidationSet\RawFaces\Face Dataset\569\1.jpg,ValidationSet\RawFaces\Face Dataset\569\0.jpg,1
ValidationSet\RawFaces\Face Dataset\294\1.jpg,ValidationSet\RawFaces\Face Dataset\294\2.jpg,1
ValidationSet\RawFaces\Face Dataset\702\0.jpg,ValidationSet\RawFaces\Face Dataset\702\1.jpg,1
ValidationSet\RawFaces\Face Dataset\1115\1.jpg,ValidationSet\RawFaces\Face Dataset\1115\0.jpg,1
ValidationSet\RawFaces\Face Dataset\914\1.jpg,ValidationSet\RawFaces\Face Dataset\914\0.jpg,1
ValidationSet\RawFaces\Face Dataset\1029\0.jpg,ValidationSet\RawFaces\Face Dataset\298\0.jpg,0
ValidationSet\RawFaces\Face Dataset\1273\0.jpg,ValidationSet\RawFaces\Face Dataset\1273\1.jpg,1
ValidationSet\RawFaces\Face Dataset\1569\3.jpg,ValidationSet\RawFaces\Face Dataset\137\0.jpg,0
ValidationSet\RawFaces\Face Dataset\1028\1.jpg,ValidationSet\RawFaces\Face Dataset\1108\5.jpg,0
ValidationSet\RawFaces\Face Dataset\851\6.jpg,ValidationSet\RawFaces\Face Dataset\851\16.jpg,1
ValidationSet\RawFaces\Face Dataset\42\1.jpg,ValidationSet\RawFaces\Face Dataset\1187\3.jpg,0
ValidationSet\RawFaces\Face Dataset\423\0.jpg,ValidationSet\RawFaces\Face Dataset\423\1.jpg,1
ValidationSet\RawFaces\Face Dataset\794\0.jpg,ValidationSet\RawFaces\Face Dataset\794\2.jpg,1
ValidationSet\RawFaces\Face Dataset\562\0.jpg,ValidationSet\RawFaces\Face Dataset\516\1.jpg,0
ValidationSet\RawFaces\Face Dataset\1513\0.jpg,ValidationSet\RawFaces\Face Dataset\1513\1.jpg,1
ValidationSet\RawFaces\Face Dataset\890\0.jpg,ValidationSet\RawFaces\Face Dataset\890\1.jpg,1
ValidationSet\RawFaces\Face Dataset\847\0.jpg,ValidationSet\RawFaces\Face Dataset\847\1.jpg,1
ValidationSet\RawFaces\Face Dataset\22\0.jpg,ValidationSet\RawFaces\Face Dataset\22\1.jpg,1
ValidationSet\RawFaces\Face Dataset\185\2.jpg,ValidationSet\RawFaces\Face Dataset\815\3.jpg,0
ValidationSet\RawFaces\Face Dataset\1419\1.jpg,ValidationSet\RawFaces\Face Dataset\1419\2.jpg,1
ValidationSet\RawFaces\Face Dataset\123\1.jpg,ValidationSet\RawFaces\Face Dataset\510\1.jpg,0
ValidationSet\RawFaces\Face Dataset\1396\1.jpg,ValidationSet\RawFaces\Face Dataset\1102\1.jpg,0
ValidationSet\RawFaces\Face Dataset\256\2.jpg,ValidationSet\RawFaces\Face Dataset\1152\3.jpg,0
ValidationSet\RawFaces\Face Dataset\62\1.jpg,ValidationSet\RawFaces\Face Dataset\343\0.jpg,0
ValidationSet\RawFaces\Face Dataset\1424\2.jpg,ValidationSet\RawFaces\Face Dataset\1424\1.jpg,1
ValidationSet\RawFaces\Face Dataset\1521\0.jpg,ValidationSet\RawFaces\Face Dataset\1521\1.jpg,1
ValidationSet\RawFaces\Face Dataset\64\5.jpg,ValidationSet\RawFaces\Face Dataset\460\1.jpg,0
ValidationSet\RawFaces\Face Dataset\1005\0.jpg,ValidationSet\RawFaces\Face Dataset\1005\1.jpg,1
ValidationSet\RawFaces\Face Dataset\911\2.jpg,ValidationSet\RawFaces\Face Dataset\911\0.jpg,1
ValidationSet\RawFaces\Face Dataset\1137\1.jpg,ValidationSet\RawFaces\Face Dataset\1137\2.jpg,1
ValidationSet\RawFaces\Face Dataset\68\0.jpg,ValidationSet\RawFaces\Face Dataset\68\1.jpg,1
ValidationSet\RawFaces\Face Dataset\1444\2.jpg,ValidationSet\RawFaces\Face Dataset\171\1.jpg,0
ValidationSet\RawFaces\Face Dataset\1023\0.jpg,ValidationSet\RawFaces\Face Dataset\1023\1.jpg,1
ValidationSet\RawFaces\Face Dataset\352\3.jpg,ValidationSet\RawFaces\Face Dataset\718\13.jpg,0
ValidationSet\RawFaces\Face Dataset\423\1.jpg,ValidationSet\RawFaces\Face Dataset\981\1.jpg,0
ValidationSet\RawFaces\Face Dataset\660\2.jpg,ValidationSet\RawFaces\Face Dataset\1245\0.jpg,0
ValidationSet\RawFaces\Face Dataset\796\1.jpg,ValidationSet\RawFaces\Face Dataset\796\0.jpg,1
ValidationSet\RawFaces\Face Dataset\1174\3.jpg,ValidationSet\RawFaces\Face Dataset\1174\0.jpg,1
ValidationSet\RawFaces\Face Dataset\103\3.jpg,ValidationSet\RawFaces\Face Dataset\132\0.jpg,0
ValidationSet\RawFaces\Face Dataset\753\4.jpg,ValidationSet\RawFaces\Face Dataset\753\0.jpg,1
ValidationSet\RawFaces\Face Dataset\805\1.jpg,ValidationSet\RawFaces\Face Dataset\219\0.jpg,0
ValidationSet\RawFaces\Face Dataset\1609\0.jpg,ValidationSet\RawFaces\Face Dataset\245\1.jpg,0
ValidationSet\RawFaces\Face Dataset\1591\0.jpg,ValidationSet\RawFaces\Face Dataset\45\1.jpg,0
ValidationSet\RawFaces\Face Dataset\358\1.jpg,ValidationSet\RawFaces\Face Dataset\358\0.jpg,1
ValidationSet\RawFaces\Face Dataset\944\2.jpg,ValidationSet\RawFaces\Face Dataset\944\1.jpg,1
ValidationSet\RawFaces\Face Dataset\1614\5.jpg,ValidationSet\RawFaces\Face Dataset\553\7.jpg,0
ValidationSet\RawFaces\Face Dataset\671\1.jpg,ValidationSet\RawFaces\Face Dataset\261\6.jpg,0
ValidationSet\RawFaces\Face Dataset\403\0.jpg,ValidationSet\RawFaces\Face Dataset\403\1.jpg,1
ValidationSet\RawFaces\Face Dataset\839\0.jpg,ValidationSet\RawFaces\Face Dataset\839\1.jpg,1
ValidationSet\RawFaces\Face Dataset\307\0.jpg,ValidationSet\RawFaces\Face Dataset\1586\0.jpg,0
ValidationSet\RawFaces\Face Dataset\199\0.jpg,ValidationSet\RawFaces\Face Dataset\588\15.jpg,0
ValidationSet\RawFaces\Face Dataset\792\12.jpg,ValidationSet\RawFaces\Face Dataset\1480\2.jpg,0
ValidationSet\RawFaces\Face Dataset\263\1.jpg,ValidationSet\RawFaces\Face Dataset\923\3.jpg,0
ValidationSet\RawFaces\Face Dataset\893\0.jpg,ValidationSet\RawFaces\Face Dataset\611\1.jpg,0
ValidationSet\RawFaces\Face Dataset\768\1.jpg,ValidationSet\RawFaces\Face Dataset\768\0.jpg,1
ValidationSet\RawFaces\Face Dataset\1137\1.jpg,ValidationSet\RawFaces\Face Dataset\1137\2.jpg,1
ValidationSet\RawFaces\Face Dataset\775\1.jpg,ValidationSet\RawFaces\Face Dataset\392\0.jpg,0
ValidationSet\RawFaces\Face Dataset\81\1.jpg,ValidationSet\RawFaces\Face Dataset\248\2.jpg,0
ValidationSet\RawFaces\Face Dataset\712\1.jpg,ValidationSet\RawFaces\Face Dataset\1110\0.jpg,0
ValidationSet\RawFaces\Face Dataset\1316\4.jpg,ValidationSet\RawFaces\Face Dataset\1316\6.jpg,1
ValidationSet\RawFaces\Face Dataset\1173\1.jpg,ValidationSet\RawFaces\Face Dataset\1253\6.jpg,0
ValidationSet\RawFaces\Face Dataset\408\7.jpg,ValidationSet\RawFaces\Face Dataset\408\0.jpg,1
ValidationSet\RawFaces\Face Dataset\1251\0.jpg,ValidationSet\RawFaces\Face Dataset\1569\0.jpg,0
ValidationSet\RawFaces\Face Dataset\1358\1.jpg,ValidationSet\RawFaces\Face Dataset\1358\0.jpg,1
ValidationSet\RawFaces\Face Dataset\151\0.jpg,ValidationSet\RawFaces\Face Dataset\458\0.jpg,0
ValidationSet\RawFaces\Face Dataset\1364\1.jpg,ValidationSet\RawFaces\Face Dataset\1433\7.jpg,0
ValidationSet\RawFaces\Face Dataset\528\1.jpg,ValidationSet\RawFaces\Face Dataset\144\2.jpg,0
ValidationSet\RawFaces\Face Dataset\882\1.jpg,ValidationSet\RawFaces\Face Dataset\1042\3.jpg,0
ValidationSet\RawFaces\Face Dataset\280\0.jpg,ValidationSet\RawFaces\Face Dataset\110\42.jpg,0
ValidationSet\RawFaces\Face Dataset\1511\0.jpg,ValidationSet\RawFaces\Face Dataset\368\4.jpg,0
ValidationSet\RawFaces\Face Dataset\585\0.jpg,ValidationSet\RawFaces\Face Dataset\585\1.jpg,1
ValidationSet\RawFaces\Face Dataset\658\2.jpg,ValidationSet\RawFaces\Face Dataset\204\0.jpg,0
ValidationSet\RawFaces\Face Dataset\1452\2.jpg,ValidationSet\RawFaces\Face Dataset\375\0.jpg,0
ValidationSet\RawFaces\Face Dataset\880\0.jpg,ValidationSet\RawFaces\Face Dataset\350\10.jpg,0
ValidationSet\RawFaces\Face Dataset\1264\6.jpg,ValidationSet\RawFaces\Face Dataset\477\0.jpg,0
ValidationSet\RawFaces\Face Dataset\853\12.jpg,ValidationSet\RawFaces\Face Dataset\243\0.jpg,0
ValidationSet\RawFaces\Face Dataset\909\1.jpg,ValidationSet\RawFaces\Face Dataset\1520\1.jpg,0
ValidationSet\RawFaces\Face Dataset\862\7.jpg,ValidationSet\RawFaces\Face Dataset\623\0.jpg,0
ValidationSet\RawFaces\Face Dataset\1462\1.jpg,ValidationSet\RawFaces\Face Dataset\1462\0.jpg,1
ValidationSet\RawFaces\Face Dataset\343\1.jpg,ValidationSet\RawFaces\Face Dataset\1066\0.jpg,0
ValidationSet\RawFaces\Face Dataset\243\2.jpg,ValidationSet\RawFaces\Face Dataset\243\3.jpg,1
ValidationSet\RawFaces\Face Dataset\1600\8.jpg,ValidationSet\RawFaces\Face Dataset\1600\2.jpg,1
ValidationSet\RawFaces\Face Dataset\1446\1.jpg,ValidationSet\RawFaces\Face Dataset\1446\0.jpg,1
ValidationSet\RawFaces\Face Dataset\1143\0.jpg,ValidationSet\RawFaces\Face Dataset\1143\1.jpg,1
ValidationSet\RawFaces\Face Dataset\1219\4.jpg,ValidationSet\RawFaces\Face Dataset\1219\3.jpg,1
ValidationSet\RawFaces\Face Dataset\1003\1.jpg,ValidationSet\RawFaces\Face Dataset\1375\1.jpg,0
ValidationSet\RawFaces\Face Dataset\860\0.jpg,ValidationSet\RawFaces\Face Dataset\860\2.jpg,1
ValidationSet\RawFaces\Face Dataset\1052\1.jpg,ValidationSet\RawFaces\Face Dataset\1450\2.jpg,0
ValidationSet\RawFaces\Face Dataset\19\4.jpg,ValidationSet\RawFaces\Face Dataset\19\0.jpg,1
ValidationSet\RawFaces\Face Dataset\499\1.jpg,ValidationSet\RawFaces\Face Dataset\255\0.jpg,0
ValidationSet\RawFaces\Face Dataset\867\0.jpg,ValidationSet\RawFaces\Face Dataset\867\1.jpg,1
ValidationSet\RawFaces\Face Dataset\1643\1.jpg,ValidationSet\RawFaces\Face Dataset\823\0.jpg,0
ValidationSet\RawFaces\Face Dataset\808\1.jpg,ValidationSet\RawFaces\Face Dataset\115\1.jpg,0
ValidationSet\RawFaces\Face Dataset\651\1.jpg,ValidationSet\RawFaces\Face Dataset\651\2.jpg,1
ValidationSet\RawFaces\Face Dataset\1457\1.jpg,ValidationSet\RawFaces\Face Dataset\1075\3.jpg,0
ValidationSet\RawFaces\Face Dataset\1042\3.jpg,ValidationSet\RawFaces\Face Dataset\1042\1.jpg,1
ValidationSet\RawFaces\Face Dataset\142\0.jpg,ValidationSet\RawFaces\Face Dataset\62\2.jpg,0
ValidationSet\RawFaces\Face Dataset\1504\1.jpg,ValidationSet\RawFaces\Face Dataset\470\1.jpg,0
ValidationSet\RawFaces\Face Dataset\100\0.jpg,ValidationSet\RawFaces\Face Dataset\789\0.jpg,0
ValidationSet\RawFaces\Face Dataset\158\3.jpg,ValidationSet\RawFaces\Face Dataset\847\1.jpg,0
ValidationSet\RawFaces\Face Dataset\1355\0.jpg,ValidationSet\RawFaces\Face Dataset\179\1.jpg,0
ValidationSet\RawFaces\Face Dataset\1207\0.jpg,ValidationSet\RawFaces\Face Dataset\215\1.jpg,0
ValidationSet\RawFaces\Face Dataset\812\3.jpg,ValidationSet\RawFaces\Face Dataset\812\5.jpg,1
ValidationSet\RawFaces\Face Dataset\882\2.jpg,ValidationSet\RawFaces\Face Dataset\431\0.jpg,0
ValidationSet\RawFaces\Face Dataset\403\0.jpg,ValidationSet\RawFaces\Face Dataset\1333\25.jpg,0
ValidationSet\RawFaces\Face Dataset\375\1.jpg,ValidationSet\RawFaces\Face Dataset\737\1.jpg,0
ValidationSet\RawFaces\Face Dataset\310\0.jpg,ValidationSet\RawFaces\Face Dataset\310\1.jpg,1
ValidationSet\RawFaces\Face Dataset\1070\1.jpg,ValidationSet\RawFaces\Face Dataset\1070\0.jpg,1
ValidationSet\RawFaces\Face Dataset\260\0.jpg,ValidationSet\RawFaces\Face Dataset\293\1.jpg,0
ValidationSet\RawFaces\Face Dataset\1333\4.jpg,ValidationSet\RawFaces\Face Dataset\1333\5.jpg,1
ValidationSet\RawFaces\Face Dataset\163\1.jpg,ValidationSet\RawFaces\Face Dataset\225\1.jpg,0
ValidationSet\RawFaces\Face Dataset\1660\0.jpg,ValidationSet\RawFaces\Face Dataset\1660\6.jpg,1
ValidationSet\RawFaces\Face Dataset\170\2.jpg,ValidationSet\RawFaces\Face Dataset\12\1.jpg,0
ValidationSet\RawFaces\Face Dataset\1653\1.jpg,ValidationSet\RawFaces\Face Dataset\1653\0.jpg,1
ValidationSet\RawFaces\Face Dataset\1175\0.jpg,ValidationSet\RawFaces\Face Dataset\1175\1.jpg,1
ValidationSet\RawFaces\Face Dataset\1313\1.jpg,ValidationSet\RawFaces\Face Dataset\1351\1.jpg,0
ValidationSet\RawFaces\Face Dataset\969\2.jpg,ValidationSet\RawFaces\Face Dataset\969\0.jpg,1
ValidationSet\RawFaces\Face Dataset\927\1.jpg,ValidationSet\RawFaces\Face Dataset\927\0.jpg,1
ValidationSet\RawFaces\Face Dataset\1379\0.jpg,ValidationSet\RawFaces\Face Dataset\1379\1.jpg,1
ValidationSet\RawFaces\Face Dataset\790\1.jpg,ValidationSet\RawFaces\Face Dataset\987\0.jpg,0
ValidationSet\RawFaces\Face Dataset\455\1.jpg,ValidationSet\RawFaces\Face Dataset\393\1.jpg,0
ValidationSet\RawFaces\Face Dataset\223\2.jpg,ValidationSet\RawFaces\Face Dataset\223\1.jpg,1
ValidationSet\RawFaces\Face Dataset\1516\0.jpg,ValidationSet\RawFaces\Face Dataset\248\1.jpg,0
ValidationSet\RawFaces\Face Dataset\99\9.jpg,ValidationSet\RawFaces\Face Dataset\1605\6.jpg,0
ValidationSet\RawFaces\Face Dataset\804\1.jpg,ValidationSet\RawFaces\Face Dataset\804\2.jpg,1
ValidationSet\RawFaces\Face Dataset\460\2.jpg,ValidationSet\RawFaces\Face Dataset\460\1.jpg,1
ValidationSet\RawFaces\Face Dataset\1603\1.jpg,ValidationSet\RawFaces\Face Dataset\1356\2.jpg,0
ValidationSet\RawFaces\Face Dataset\942\2.jpg,ValidationSet\RawFaces\Face Dataset\555\12.jpg,0
ValidationSet\RawFaces\Face Dataset\1452\2.jpg,ValidationSet\RawFaces\Face Dataset\1452\3.jpg,1
ValidationSet\RawFaces\Face Dataset\1158\0.jpg,ValidationSet\RawFaces\Face Dataset\1158\1.jpg,1
ValidationSet\RawFaces\Face Dataset\1489\1.jpg,ValidationSet\RawFaces\Face Dataset\1489\2.jpg,1
ValidationSet\RawFaces\Face Dataset\84\1.jpg,ValidationSet\RawFaces\Face Dataset\84\0.jpg,1
ValidationSet\RawFaces\Face Dataset\833\12.jpg,ValidationSet\RawFaces\Face Dataset\833\16.jpg,1
ValidationSet\RawFaces\Face Dataset\98\2.jpg,ValidationSet\RawFaces\Face Dataset\792\10.jpg,0
ValidationSet\RawFaces\Face Dataset\1593\0.jpg,ValidationSet\RawFaces\Face Dataset\1593\1.jpg,1
ValidationSet\RawFaces\Face Dataset\1295\1.jpg,ValidationSet\RawFaces\Face Dataset\1295\0.jpg,1
ValidationSet\RawFaces\Face Dataset\518\0.jpg,ValidationSet\RawFaces\Face Dataset\1566\0.jpg,0
ValidationSet\RawFaces\Face Dataset\123\1.jpg,ValidationSet\RawFaces\Face Dataset\123\0.jpg,1
ValidationSet\RawFaces\Face Dataset\204\0.jpg,ValidationSet\RawFaces\Face Dataset\185\6.jpg,0
ValidationSet\RawFaces\Face Dataset\1396\1.jpg,ValidationSet\RawFaces\Face Dataset\1396\0.jpg,1
ValidationSet\RawFaces\Face Dataset\1559\1.jpg,ValidationSet\RawFaces\Face Dataset\1559\0.jpg,1
ValidationSet\RawFaces\Face Dataset\1443\1.jpg,ValidationSet\RawFaces\Face Dataset\1443\3.jpg,1
ValidationSet\RawFaces\Face Dataset\611\0.jpg,ValidationSet\RawFaces\Face Dataset\611\1.jpg,1
ValidationSet\RawFaces\Face Dataset\395\2.jpg,ValidationSet\RawFaces\Face Dataset\395\1.jpg,1
ValidationSet\RawFaces\Face Dataset\1533\0.jpg,ValidationSet\RawFaces\Face Dataset\1533\1.jpg,1
ValidationSet\RawFaces\Face Dataset\1491\0.jpg,ValidationSet\RawFaces\Face Dataset\144\2.jpg,0
ValidationSet\RawFaces\Face Dataset\875\2.jpg,ValidationSet\RawFaces\Face Dataset\875\0.jpg,1
ValidationSet\RawFaces\Face Dataset\882\1.jpg,ValidationSet\RawFaces\Face Dataset\949\0.jpg,0
ValidationSet\RawFaces\Face Dataset\779\6.jpg,ValidationSet\RawFaces\Face Dataset\779\7.jpg,1
ValidationSet\RawFaces\Face Dataset\1185\0.jpg,ValidationSet\RawFaces\Face Dataset\1185\1.jpg,1
ValidationSet\RawFaces\Face Dataset\1150\1.jpg,ValidationSet\RawFaces\Face Dataset\47\2.jpg,0
ValidationSet\RawFaces\Face Dataset\252\0.jpg,ValidationSet\RawFaces\Face Dataset\252\1.jpg,1
ValidationSet\RawFaces\Face Dataset\1122\1.jpg,ValidationSet\RawFaces\Face Dataset\332\1.jpg,0
ValidationSet\RawFaces\Face Dataset\425\0.jpg,ValidationSet\RawFaces\Face Dataset\448\0.jpg,0
ValidationSet\RawFaces\Face Dataset\1379\0.jpg,ValidationSet\RawFaces\Face Dataset\1379\1.jpg,1
ValidationSet\RawFaces\Face Dataset\1181\3.jpg,ValidationSet\RawFaces\Face Dataset\1181\5.jpg,1
ValidationSet\RawFaces\Face Dataset\955\1.jpg,ValidationSet\RawFaces\Face Dataset\659\1.jpg,0
ValidationSet\RawFaces\Face Dataset\792\24.jpg,ValidationSet\RawFaces\Face Dataset\157\1.jpg,0
ValidationSet\RawFaces\Face Dataset\374\1.jpg,ValidationSet\RawFaces\Face Dataset\304\0.jpg,0
ValidationSet\RawFaces\Face Dataset\659\1.jpg,ValidationSet\RawFaces\Face Dataset\1108\0.jpg,0
ValidationSet\RawFaces\Face Dataset\1111\0.jpg,ValidationSet\RawFaces\Face Dataset\1338\1.jpg,0
ValidationSet\RawFaces\Face Dataset\692\1.jpg,ValidationSet\RawFaces\Face Dataset\1282\1.jpg,0
ValidationSet\RawFaces\Face Dataset\222\1.jpg,ValidationSet\RawFaces\Face Dataset\910\4.jpg,0
ValidationSet\RawFaces\Face Dataset\510\0.jpg,ValidationSet\RawFaces\Face Dataset\510\1.jpg,1
ValidationSet\RawFaces\Face Dataset\1298\0.jpg,ValidationSet\RawFaces\Face Dataset\1074\0.jpg,0
ValidationSet\RawFaces\Face Dataset\1298\1.jpg,ValidationSet\RawFaces\Face Dataset\1506\1.jpg,0
ValidationSet\RawFaces\Face Dataset\785\1.jpg,ValidationSet\RawFaces\Face Dataset\538\0.jpg,0
ValidationSet\RawFaces\Face Dataset\1529\7.jpg,ValidationSet\RawFaces\Face Dataset\283\2.jpg,0
ValidationSet\RawFaces\Face Dataset\1119\0.jpg,ValidationSet\RawFaces\Face Dataset\266\2.jpg,0
ValidationSet\RawFaces\Face Dataset\401\0.jpg,ValidationSet\RawFaces\Face Dataset\401\1.jpg,1
ValidationSet\RawFaces\Face Dataset\597\1.jpg,ValidationSet\RawFaces\Face Dataset\1365\1.jpg,0
ValidationSet\RawFaces\Face Dataset\871\1.jpg,ValidationSet\RawFaces\Face Dataset\871\0.jpg,1
ValidationSet\RawFaces\Face Dataset\557\1.jpg,ValidationSet\RawFaces\Face Dataset\557\0.jpg,1
ValidationSet\RawFaces\Face Dataset\1663\1.jpg,ValidationSet\RawFaces\Face Dataset\1663\0.jpg,1
ValidationSet\RawFaces\Face Dataset\922\3.jpg,ValidationSet\RawFaces\Face Dataset\904\0.jpg,0
ValidationSet\RawFaces\Face Dataset\307\0.jpg,ValidationSet\RawFaces\Face Dataset\307\1.jpg,1
ValidationSet\RawFaces\Face Dataset\599\0.jpg,ValidationSet\RawFaces\Face Dataset\599\1.jpg,1
ValidationSet\RawFaces\Face Dataset\729\1.jpg,ValidationSet\RawFaces\Face Dataset\729\0.jpg,1
ValidationSet\RawFaces\Face Dataset\878\0.jpg,ValidationSet\RawFaces\Face Dataset\878\1.jpg,1
ValidationSet\RawFaces\Face Dataset\1169\1.jpg,ValidationSet\RawFaces\Face Dataset\1169\0.jpg,1
ValidationSet\RawFaces\Face Dataset\1517\0.jpg,ValidationSet\RawFaces\Face Dataset\1517\1.jpg,1
ValidationSet\RawFaces\Face Dataset\170\2.jpg,ValidationSet\RawFaces\Face Dataset\170\1.jpg,1
ValidationSet\RawFaces\Face Dataset\393\1.jpg,ValidationSet\RawFaces\Face Dataset\393\0.jpg,1
ValidationSet\RawFaces\Face Dataset\597\1.jpg,ValidationSet\RawFaces\Face Dataset\829\1.jpg,0
ValidationSet\RawFaces\Face Dataset\33\1.jpg,ValidationSet\RawFaces\Face Dataset\33\0.jpg,1
ValidationSet\RawFaces\Face Dataset\1041\0.jpg,ValidationSet\RawFaces\Face Dataset\1041\1.jpg,1
ValidationSet\RawFaces\Face Dataset\765\3.jpg,ValidationSet\RawFaces\Face Dataset\765\0.jpg,1
ValidationSet\RawFaces\Face Dataset\1654\1.jpg,ValidationSet\RawFaces\Face Dataset\1262\1.jpg,0
ValidationSet\RawFaces\Face Dataset\1419\0.jpg,ValidationSet\RawFaces\Face Dataset\1419\4.jpg,1
ValidationSet\RawFaces\Face Dataset\1443\3.jpg,ValidationSet\RawFaces\Face Dataset\1443\1.jpg,1
ValidationSet\RawFaces\Face Dataset\1667\0.jpg,ValidationSet\RawFaces\Face Dataset\1667\1.jpg,1
ValidationSet\RawFaces\Face Dataset\1264\8.jpg,ValidationSet\RawFaces\Face Dataset\1264\4.jpg,1
ValidationSet\RawFaces\Face Dataset\1367\0.jpg,ValidationSet\RawFaces\Face Dataset\276\0.jpg,0
ValidationSet\RawFaces\Face Dataset\1069\1.jpg,ValidationSet\RawFaces\Face Dataset\743\1.jpg,0
ValidationSet\RawFaces\Face Dataset\1263\0.jpg,ValidationSet\RawFaces\Face Dataset\1263\1.jpg,1
ValidationSet\RawFaces\Face Dataset\100\1.jpg,ValidationSet\RawFaces\Face Dataset\1137\2.jpg,0
ValidationSet\RawFaces\Face Dataset\911\2.jpg,ValidationSet\RawFaces\Face Dataset\505\0.jpg,0
ValidationSet\RawFaces\Face Dataset\1558\2.jpg,ValidationSet\RawFaces\Face Dataset\1558\0.jpg,1
ValidationSet\RawFaces\Face Dataset\81\1.jpg,ValidationSet\RawFaces\Face Dataset\1298\2.jpg,0
ValidationSet\RawFaces\Face Dataset\1135\0.jpg,ValidationSet\RawFaces\Face Dataset\1135\6.jpg,1
ValidationSet\RawFaces\Face Dataset\616\3.jpg,ValidationSet\RawFaces\Face Dataset\616\5.jpg,1
ValidationSet\RawFaces\Face Dataset\1119\1.jpg,ValidationSet\RawFaces\Face Dataset\429\0.jpg,0
ValidationSet\RawFaces\Face Dataset\599\1.jpg,ValidationSet\RawFaces\Face Dataset\599\0.jpg,1
ValidationSet\RawFaces\Face Dataset\678\0.jpg,ValidationSet\RawFaces\Face Dataset\685\1.jpg,0
ValidationSet\RawFaces\Face Dataset\1231\1.jpg,ValidationSet\RawFaces\Face Dataset\1231\2.jpg,1
ValidationSet\RawFaces\Face Dataset\658\0.jpg,ValidationSet\RawFaces\Face Dataset\1608\4.jpg,0
ValidationSet\RawFaces\Face Dataset\389\0.jpg,ValidationSet\RawFaces\Face Dataset\1544\2.jpg,0
ValidationSet\RawFaces\Face Dataset\1121\1.jpg,ValidationSet\RawFaces\Face Dataset\1121\0.jpg,1
ValidationSet\RawFaces\Face Dataset\447\2.jpg,ValidationSet\RawFaces\Face Dataset\447\0.jpg,1
ValidationSet\RawFaces\Face Dataset\1411\1.jpg,ValidationSet\RawFaces\Face Dataset\1411\4.jpg,1
ValidationSet\RawFaces\Face Dataset\1305\1.jpg,ValidationSet\RawFaces\Face Dataset\1555\0.jpg,0
ValidationSet\RawFaces\Face Dataset\593\1.jpg,ValidationSet\RawFaces\Face Dataset\593\0.jpg,1
ValidationSet\RawFaces\Face Dataset\1532\0.jpg,ValidationSet\RawFaces\Face Dataset\1532\1.jpg,1
ValidationSet\RawFaces\Face Dataset\1522\1.jpg,ValidationSet\RawFaces\Face Dataset\1522\0.jpg,1
ValidationSet\RawFaces\Face Dataset\1539\1.jpg,ValidationSet\RawFaces\Face Dataset\1539\0.jpg,1
ValidationSet\RawFaces\Face Dataset\697\0.jpg,ValidationSet\RawFaces\Face Dataset\697\1.jpg,1
ValidationSet\RawFaces\Face Dataset\169\1.jpg,ValidationSet\RawFaces\Face Dataset\1249\0.jpg,0
ValidationSet\RawFaces\Face Dataset\829\0.jpg,ValidationSet\RawFaces\Face Dataset\829\1.jpg,1
ValidationSet\RawFaces\Face Dataset\80\1.jpg,ValidationSet\RawFaces\Face Dataset\80\0.jpg,1
ValidationSet\RawFaces\Face Dataset\1426\1.jpg,ValidationSet\RawFaces\Face Dataset\738\0.jpg,0
ValidationSet\RawFaces\Face Dataset\1142\2.jpg,ValidationSet\RawFaces\Face Dataset\533\3.jpg,0
ValidationSet\RawFaces\Face Dataset\568\0.jpg,ValidationSet\RawFaces\Face Dataset\793\0.jpg,0
ValidationSet\RawFaces\Face Dataset\513\2.jpg,ValidationSet\RawFaces\Face Dataset\513\0.jpg,1
ValidationSet\RawFaces\Face Dataset\20\1.jpg,ValidationSet\RawFaces\Face Dataset\807\4.jpg,0
ValidationSet\RawFaces\Face Dataset\572\1.jpg,ValidationSet\RawFaces\Face Dataset\212\1.jpg,0
ValidationSet\RawFaces\Face Dataset\251\1.jpg,ValidationSet\RawFaces\Face Dataset\989\2.jpg,0
ValidationSet\RawFaces\Face Dataset\34\0.jpg,ValidationSet\RawFaces\Face Dataset\485\1.jpg,0
ValidationSet\RawFaces\Face Dataset\1222\1.jpg,ValidationSet\RawFaces\Face Dataset\1222\0.jpg,1
ValidationSet\RawFaces\Face Dataset\360\0.jpg,ValidationSet\RawFaces\Face Dataset\1370\0.jpg,0
ValidationSet\RawFaces\Face Dataset\1110\0.jpg,ValidationSet\RawFaces\Face Dataset\447\0.jpg,0
ValidationSet\RawFaces\Face Dataset\1136\0.jpg,ValidationSet\RawFaces\Face Dataset\1665\3.jpg,0
ValidationSet\RawFaces\Face Dataset\490\1.jpg,ValidationSet\RawFaces\Face Dataset\1212\0.jpg,0
ValidationSet\RawFaces\Face Dataset\75\3.jpg,ValidationSet\RawFaces\Face Dataset\75\5.jpg,1
ValidationSet\RawFaces\Face Dataset\1242\1.jpg,ValidationSet\RawFaces\Face Dataset\531\49.jpg,0
ValidationSet\RawFaces\Face Dataset\159\1.jpg,ValidationSet\RawFaces\Face Dataset\159\0.jpg,1
ValidationSet\RawFaces\Face Dataset\404\1.jpg,ValidationSet\RawFaces\Face Dataset\404\0.jpg,1
ValidationSet\RawFaces\Face Dataset\1562\2.jpg,ValidationSet\RawFaces\Face Dataset\118\0.jpg,0
ValidationSet\RawFaces\Face Dataset\862\0.jpg,ValidationSet\RawFaces\Face Dataset\862\7.jpg,1
ValidationSet\RawFaces\Face Dataset\163\1.jpg,ValidationSet\RawFaces\Face Dataset\1646\1.jpg,0
ValidationSet\RawFaces\Face Dataset\138\0.jpg,ValidationSet\RawFaces\Face Dataset\696\0.jpg,0
ValidationSet\RawFaces\Face Dataset\1484\5.jpg,ValidationSet\RawFaces\Face Dataset\459\1.jpg,0
ValidationSet\RawFaces\Face Dataset\379\1.jpg,ValidationSet\RawFaces\Face Dataset\379\2.jpg,1
ValidationSet\RawFaces\Face Dataset\132\1.jpg,ValidationSet\RawFaces\Face Dataset\1156\0.jpg,0
ValidationSet\RawFaces\Face Dataset\1324\2.jpg,ValidationSet\RawFaces\Face Dataset\1324\0.jpg,1
ValidationSet\RawFaces\Face Dataset\1262\1.jpg,ValidationSet\RawFaces\Face Dataset\1146\1.jpg,0
ValidationSet\RawFaces\Face Dataset\623\1.jpg,ValidationSet\RawFaces\Face Dataset\623\0.jpg,1
ValidationSet\RawFaces\Face Dataset\23\2.jpg,ValidationSet\RawFaces\Face Dataset\1498\1.jpg,0
ValidationSet\RawFaces\Face Dataset\1649\0.jpg,ValidationSet\RawFaces\Face Dataset\1357\1.jpg,0
ValidationSet\RawFaces\Face Dataset\1204\0.jpg,ValidationSet\RawFaces\Face Dataset\1649\0.jpg,0
ValidationSet\RawFaces\Face Dataset\339\1.jpg,ValidationSet\RawFaces\Face Dataset\387\0.jpg,0
ValidationSet\RawFaces\Face Dataset\392\0.jpg,ValidationSet\RawFaces\Face Dataset\392\1.jpg,1
ValidationSet\RawFaces\Face Dataset\1505\0.jpg,ValidationSet\RawFaces\Face Dataset\689\5.jpg,0
ValidationSet\RawFaces\Face Dataset\270\1.jpg,ValidationSet\RawFaces\Face Dataset\1410\0.jpg,0
ValidationSet\RawFaces\Face Dataset\42\0.jpg,ValidationSet\RawFaces\Face Dataset\175\0.jpg,0
ValidationSet\RawFaces\Face Dataset\1460\0.jpg,ValidationSet\RawFaces\Face Dataset\1460\1.jpg,1
ValidationSet\RawFaces\Face Dataset\1330\2.jpg,ValidationSet\RawFaces\Face Dataset\199\1.jpg,0
ValidationSet\RawFaces\Face Dataset\335\0.jpg,ValidationSet\RawFaces\Face Dataset\335\1.jpg,1
ValidationSet\RawFaces\Face Dataset\1247\7.jpg,ValidationSet\RawFaces\Face Dataset\1247\5.jpg,1
ValidationSet\RawFaces\Face Dataset\1435\1.jpg,ValidationSet\RawFaces\Face Dataset\549\3.jpg,0
ValidationSet\RawFaces\Face Dataset\1323\1.jpg,ValidationSet\RawFaces\Face Dataset\1323\0.jpg,1
ValidationSet\RawFaces\Face Dataset\1011\2.jpg,ValidationSet\RawFaces\Face Dataset\520\0.jpg,0
ValidationSet\RawFaces\Face Dataset\1404\1.jpg,ValidationSet\RawFaces\Face Dataset\1404\0.jpg,1
ValidationSet\RawFaces\Face Dataset\10\3.jpg,ValidationSet\RawFaces\Face Dataset\1510\0.jpg,0
ValidationSet\RawFaces\Face Dataset\1624\1.jpg,ValidationSet\RawFaces\Face Dataset\1624\0.jpg,1
ValidationSet\RawFaces\Face Dataset\842\1.jpg,ValidationSet\RawFaces\Face Dataset\393\1.jpg,0
ValidationSet\RawFaces\Face Dataset\1238\2.jpg,ValidationSet\RawFaces\Face Dataset\386\13.jpg,0
ValidationSet\RawFaces\Face Dataset\212\0.jpg,ValidationSet\RawFaces\Face Dataset\212\1.jpg,1
ValidationSet\RawFaces\Face Dataset\1202\0.jpg,ValidationSet\RawFaces\Face Dataset\1202\11.jpg,1
ValidationSet\RawFaces\Face Dataset\1640\1.jpg,ValidationSet\RawFaces\Face Dataset\1640\8.jpg,1
ValidationSet\RawFaces\Face Dataset\706\1.jpg,ValidationSet\RawFaces\Face Dataset\706\0.jpg,1
ValidationSet\RawFaces\Face Dataset\727\1.jpg,ValidationSet\RawFaces\Face Dataset\519\1.jpg,0
ValidationSet\RawFaces\Face Dataset\478\1.jpg,ValidationSet\RawFaces\Face Dataset\112\0.jpg,0
ValidationSet\RawFaces\Face Dataset\207\0.jpg,ValidationSet\RawFaces\Face Dataset\207\3.jpg,1
ValidationSet\RawFaces\Face Dataset\156\1.jpg,ValidationSet\RawFaces\Face Dataset\184\2.jpg,0
ValidationSet\RawFaces\Face Dataset\348\0.jpg,ValidationSet\RawFaces\Face Dataset\348\1.jpg,1
ValidationSet\RawFaces\Face Dataset\426\0.jpg,ValidationSet\RawFaces\Face Dataset\426\1.jpg,1
ValidationSet\RawFaces\Face Dataset\174\1.jpg,ValidationSet\RawFaces\Face Dataset\864\4.jpg,0
ValidationSet\RawFaces\Face Dataset\340\1.jpg,ValidationSet\RawFaces\Face Dataset\340\0.jpg,1
ValidationSet\RawFaces\Face Dataset\644\1.jpg,ValidationSet\RawFaces\Face Dataset\644\0.jpg,1
ValidationSet\RawFaces\Face Dataset\1538\2.jpg,ValidationSet\RawFaces\Face Dataset\1538\0.jpg,1
ValidationSet\RawFaces\Face Dataset\524\0.jpg,ValidationSet\RawFaces\Face Dataset\1447\1.jpg,0
ValidationSet\RawFaces\Face Dataset\781\1.jpg,ValidationSet\RawFaces\Face Dataset\354\4.jpg,0
ValidationSet\RawFaces\Face Dataset\1292\1.jpg,ValidationSet\RawFaces\Face Dataset\1434\1.jpg,0
ValidationSet\RawFaces\Face Dataset\1013\1.jpg,ValidationSet\RawFaces\Face Dataset\437\2.jpg,0
ValidationSet\RawFaces\Face Dataset\1396\0.jpg,ValidationSet\RawFaces\Face Dataset\1396\1.jpg,1
ValidationSet\RawFaces\Face Dataset\489\1.jpg,ValidationSet\RawFaces\Face Dataset\489\0.jpg,1
ValidationSet\RawFaces\Face Dataset\798\0.jpg,ValidationSet\RawFaces\Face Dataset\798\1.jpg,1
ValidationSet\RawFaces\Face Dataset\543\3.jpg,ValidationSet\RawFaces\Face Dataset\543\0.jpg,1
ValidationSet\RawFaces\Face Dataset\1133\1.jpg,ValidationSet\RawFaces\Face Dataset\1133\0.jpg,1
ValidationSet\RawFaces\Face Dataset\753\4.jpg,ValidationSet\RawFaces\Face Dataset\468\1.jpg,0
ValidationSet\RawFaces\Face Dataset\1026\1.jpg,ValidationSet\RawFaces\Face Dataset\594\0.jpg,0
ValidationSet\RawFaces\Face Dataset\1144\4.jpg,ValidationSet\RawFaces\Face Dataset\1144\3.jpg,1
ValidationSet\RawFaces\Face Dataset\1026\0.jpg,ValidationSet\RawFaces\Face Dataset\303\1.jpg,0
ValidationSet\RawFaces\Face Dataset\511\1.jpg,ValidationSet\RawFaces\Face Dataset\511\0.jpg,1
ValidationSet\RawFaces\Face Dataset\146\0.jpg,ValidationSet\RawFaces\Face Dataset\684\0.jpg,0
ValidationSet\RawFaces\Face Dataset\556\0.jpg,ValidationSet\RawFaces\Face Dataset\556\1.jpg,1
ValidationSet\RawFaces\Face Dataset\179\1.jpg,ValidationSet\RawFaces\Face Dataset\435\5.jpg,0
ValidationSet\RawFaces\Face Dataset\1441\1.jpg,ValidationSet\RawFaces\Face Dataset\1441\0.jpg,1
ValidationSet\RawFaces\Face Dataset\986\11.jpg,ValidationSet\RawFaces\Face Dataset\986\2.jpg,1
ValidationSet\RawFaces\Face Dataset\1572\1.jpg,ValidationSet\RawFaces\Face Dataset\1572\0.jpg,1
ValidationSet\RawFaces\Face Dataset\468\0.jpg,ValidationSet\RawFaces\Face Dataset\468\2.jpg,1
ValidationSet\RawFaces\Face Dataset\845\0.jpg,ValidationSet\RawFaces\Face Dataset\845\1.jpg,1
ValidationSet\RawFaces\Face Dataset\1518\1.jpg,ValidationSet\RawFaces\Face Dataset\1518\0.jpg,1
ValidationSet\RawFaces\Face Dataset\1066\0.jpg,ValidationSet\RawFaces\Face Dataset\1066\2.jpg,1
ValidationSet\RawFaces\Face Dataset\447\0.jpg,ValidationSet\RawFaces\Face Dataset\1336\1.jpg,0
ValidationSet\RawFaces\Face Dataset\912\1.jpg,ValidationSet\RawFaces\Face Dataset\234\5.jpg,0
ValidationSet\RawFaces\Face Dataset\73\2.jpg,ValidationSet\RawFaces\Face Dataset\73\1.jpg,1
ValidationSet\RawFaces\Face Dataset\916\0.jpg,ValidationSet\RawFaces\Face Dataset\916\2.jpg,1
ValidationSet\RawFaces\Face Dataset\675\0.jpg,ValidationSet\RawFaces\Face Dataset\675\1.jpg,1
ValidationSet\RawFaces\Face Dataset\376\1.jpg,ValidationSet\RawFaces\Face Dataset\274\1.jpg,0
ValidationSet\RawFaces\Face Dataset\487\0.jpg,ValidationSet\RawFaces\Face Dataset\637\15.jpg,0
ValidationSet\RawFaces\Face Dataset\63\0.jpg,ValidationSet\RawFaces\Face Dataset\713\0.jpg,0
ValidationSet\RawFaces\Face Dataset\783\1.jpg,ValidationSet\RawFaces\Face Dataset\997\1.jpg,0
ValidationSet\RawFaces\Face Dataset\132\1.jpg,ValidationSet\RawFaces\Face Dataset\132\0.jpg,1
ValidationSet\RawFaces\Face Dataset\530\2.jpg,ValidationSet\RawFaces\Face Dataset\1644\1.jpg,0
ValidationSet\RawFaces\Face Dataset\880\2.jpg,ValidationSet\RawFaces\Face Dataset\922\1.jpg,0
ValidationSet\RawFaces\Face Dataset\172\1.jpg,ValidationSet\RawFaces\Face Dataset\172\0.jpg,1
ValidationSet\RawFaces\Face Dataset\1353\1.jpg,ValidationSet\RawFaces\Face Dataset\1353\0.jpg,1
ValidationSet\RawFaces\Face Dataset\831\0.jpg,ValidationSet\RawFaces\Face Dataset\770\0.jpg,0
ValidationSet\RawFaces\Face Dataset\390\40.jpg,ValidationSet\RawFaces\Face Dataset\1165\0.jpg,0
ValidationSet\RawFaces\Face Dataset\639\1.jpg,ValidationSet\RawFaces\Face Dataset\639\0.jpg,1
ValidationSet\RawFaces\Face Dataset\74\2.jpg,ValidationSet\RawFaces\Face Dataset\1233\0.jpg,0
ValidationSet\RawFaces\Face Dataset\85\7.jpg,ValidationSet\RawFaces\Face Dataset\85\6.jpg,1
ValidationSet\RawFaces\Face Dataset\462\1.jpg,ValidationSet\RawFaces\Face Dataset\1317\1.jpg,0
ValidationSet\RawFaces\Face Dataset\184\1.jpg,ValidationSet\RawFaces\Face Dataset\1528\0.jpg,0
ValidationSet\RawFaces\Face Dataset\1096\0.jpg,ValidationSet\RawFaces\Face Dataset\554\1.jpg,0
ValidationSet\RawFaces\Face Dataset\1093\1.jpg,ValidationSet\RawFaces\Face Dataset\1093\0.jpg,1
ValidationSet\RawFaces\Face Dataset\1085\1.jpg,ValidationSet\RawFaces\Face Dataset\1085\0.jpg,1
ValidationSet\RawFaces\Face Dataset\1175\0.jpg,ValidationSet\RawFaces\Face Dataset\1421\11.jpg,0
ValidationSet\RawFaces\Face Dataset\675\2.jpg,ValidationSet\RawFaces\Face Dataset\1549\0.jpg,0
ValidationSet\RawFaces\Face Dataset\1012\0.jpg,ValidationSet\RawFaces\Face Dataset\1012\1.jpg,1
ValidationSet\RawFaces\Face Dataset\1044\2.jpg,ValidationSet\RawFaces\Face Dataset\963\1.jpg,0
ValidationSet\RawFaces\Face Dataset\631\5.jpg,ValidationSet\RawFaces\Face Dataset\631\4.jpg,1
ValidationSet\RawFaces\Face Dataset\1237\1.jpg,ValidationSet\RawFaces\Face Dataset\1237\0.jpg,1
ValidationSet\RawFaces\Face Dataset\1137\1.jpg,ValidationSet\RawFaces\Face Dataset\1137\2.jpg,1
ValidationSet\RawFaces\Face Dataset\1011\2.jpg,ValidationSet\RawFaces\Face Dataset\1011\1.jpg,1
ValidationSet\RawFaces\Face Dataset\210\3.jpg,ValidationSet\RawFaces\Face Dataset\210\2.jpg,1
ValidationSet\RawFaces\Face Dataset\980\33.jpg,ValidationSet\RawFaces\Face Dataset\980\39.jpg,1
ValidationSet\RawFaces\Face Dataset\618\0.jpg,ValidationSet\RawFaces\Face Dataset\1064\0.jpg,0
ValidationSet\RawFaces\Face Dataset\1201\2.jpg,ValidationSet\RawFaces\Face Dataset\846\0.jpg,0
ValidationSet\RawFaces\Face Dataset\1547\1.jpg,ValidationSet\RawFaces\Face Dataset\1547\0.jpg,1
ValidationSet\RawFaces\Face Dataset\757\2.jpg,ValidationSet\RawFaces\Face Dataset\1241\1.jpg,0
ValidationSet\RawFaces\Face Dataset\317\1.jpg,ValidationSet\RawFaces\Face Dataset\1528\0.jpg,0
ValidationSet\RawFaces\Face Dataset\462\0.jpg,ValidationSet\RawFaces\Face Dataset\462\1.jpg,1
ValidationSet\RawFaces\Face Dataset\770\0.jpg,ValidationSet\RawFaces\Face Dataset\239\1.jpg,0
ValidationSet\RawFaces\Face Dataset\1518\1.jpg,ValidationSet\RawFaces\Face Dataset\1518\0.jpg,1
ValidationSet\RawFaces\Face Dataset\536\16.jpg,ValidationSet\RawFaces\Face Dataset\514\0.jpg,0
ValidationSet\RawFaces\Face Dataset\275\0.jpg,ValidationSet\RawFaces\Face Dataset\1029\1.jpg,0
ValidationSet\RawFaces\Face Dataset\1056\1.jpg,ValidationSet\RawFaces\Face Dataset\52\0.jpg,0
ValidationSet\RawFaces\Face Dataset\1064\1.jpg,ValidationSet\RawFaces\Face Dataset\1064\2.jpg,1
ValidationSet\RawFaces\Face Dataset\1273\1.jpg,ValidationSet\RawFaces\Face Dataset\1273\0.jpg,1
ValidationSet\RawFaces\Face Dataset\1026\0.jpg,ValidationSet\RawFaces\Face Dataset\542\0.jpg,0
ValidationSet\RawFaces\Face Dataset\569\0.jpg,ValidationSet\RawFaces\Face Dataset\360\1.jpg,0
ValidationSet\RawFaces\Face Dataset\260\1.jpg,ValidationSet\RawFaces\Face Dataset\1346\5.jpg,0
ValidationSet\RawFaces\Face Dataset\1336\0.jpg,ValidationSet\RawFaces\Face Dataset\324\1.jpg,0
ValidationSet\RawFaces\Face Dataset\1339\1.jpg,ValidationSet\RawFaces\Face Dataset\1339\0.jpg,1
ValidationSet\RawFaces\Face Dataset\1085\1.jpg,ValidationSet\RawFaces\Face Dataset\1085\0.jpg,1
ValidationSet\RawFaces\Face Dataset\1322\0.jpg,ValidationSet\RawFaces\Face Dataset\1322\1.jpg,1
ValidationSet\RawFaces\Face Dataset\1329\3.jpg,ValidationSet\RawFaces\Face Dataset\616\9.jpg,0
ValidationSet\RawFaces\Face Dataset\1184\1.jpg,ValidationSet\RawFaces\Face Dataset\1184\2.jpg,1
ValidationSet\RawFaces\Face Dataset\743\0.jpg,ValidationSet\RawFaces\Face Dataset\743\1.jpg,1
ValidationSet\RawFaces\Face Dataset\844\7.jpg,ValidationSet\RawFaces\Face Dataset\623\1.jpg,0
ValidationSet\RawFaces\Face Dataset\732\1.jpg,ValidationSet\RawFaces\Face Dataset\686\0.jpg,0
ValidationSet\RawFaces\Face Dataset\247\0.jpg,ValidationSet\RawFaces\Face Dataset\474\2.jpg,0
ValidationSet\RawFaces\Face Dataset\790\0.jpg,ValidationSet\RawFaces\Face Dataset\648\1.jpg,0
ValidationSet\RawFaces\Face Dataset\354\2.jpg,ValidationSet\RawFaces\Face Dataset\354\6.jpg,1
ValidationSet\RawFaces\Face Dataset\1227\0.jpg,ValidationSet\RawFaces\Face Dataset\1579\1.jpg,0
ValidationSet\RawFaces\Face Dataset\973\3.jpg,ValidationSet\RawFaces\Face Dataset\642\0.jpg,0
ValidationSet\RawFaces\Face Dataset\60\16.jpg,ValidationSet\RawFaces\Face Dataset\1100\0.jpg,0
ValidationSet\RawFaces\Face Dataset\445\0.jpg,ValidationSet\RawFaces\Face Dataset\1427\0.jpg,0
ValidationSet\RawFaces\Face Dataset\740\11.jpg,ValidationSet\RawFaces\Face Dataset\535\1.jpg,0
ValidationSet\RawFaces\Face Dataset\551\1.jpg,ValidationSet\RawFaces\Face Dataset\551\0.jpg,1
ValidationSet\RawFaces\Face Dataset\235\1.jpg,ValidationSet\RawFaces\Face Dataset\1370\2.jpg,0
ValidationSet\RawFaces\Face Dataset\1111\0.jpg,ValidationSet\RawFaces\Face Dataset\1111\1.jpg,1
ValidationSet\RawFaces\Face Dataset\1225\2.jpg,ValidationSet\RawFaces\Face Dataset\1296\0.jpg,0
ValidationSet\RawFaces\Face Dataset\1352\1.jpg,ValidationSet\RawFaces\Face Dataset\795\0.jpg,0
ValidationSet\RawFaces\Face Dataset\1489\0.jpg,ValidationSet\RawFaces\Face Dataset\83\25.jpg,0
ValidationSet\RawFaces\Face Dataset\484\0.jpg,ValidationSet\RawFaces\Face Dataset\1058\1.jpg,0
ValidationSet\RawFaces\Face Dataset\337\2.jpg,ValidationSet\RawFaces\Face Dataset\30\1.jpg,0
ValidationSet\RawFaces\Face Dataset\1368\2.jpg,ValidationSet\RawFaces\Face Dataset\1368\3.jpg,1
ValidationSet\RawFaces\Face Dataset\267\1.jpg,ValidationSet\RawFaces\Face Dataset\267\0.jpg,1
ValidationSet\RawFaces\Face Dataset\418\2.jpg,ValidationSet\RawFaces\Face Dataset\418\0.jpg,1
ValidationSet\RawFaces\Face Dataset\1036\1.jpg,ValidationSet\RawFaces\Face Dataset\1036\0.jpg,1
ValidationSet\RawFaces\Face Dataset\482\0.jpg,ValidationSet\RawFaces\Face Dataset\1042\0.jpg,0
ValidationSet\RawFaces\Face Dataset\1323\1.jpg,ValidationSet\RawFaces\Face Dataset\1323\0.jpg,1
ValidationSet\RawFaces\Face Dataset\291\1.jpg,ValidationSet\RawFaces\Face Dataset\291\0.jpg,1
ValidationSet\RawFaces\Face Dataset\1250\2.jpg,ValidationSet\RawFaces\Face Dataset\218\3.jpg,0
ValidationSet\RawFaces\Face Dataset\1654\1.jpg,ValidationSet\RawFaces\Face Dataset\1314\0.jpg,0
ValidationSet\RawFaces\Face Dataset\1061\4.jpg,ValidationSet\RawFaces\Face Dataset\1061\6.jpg,1
ValidationSet\RawFaces\Face Dataset\938\1.jpg,ValidationSet\RawFaces\Face Dataset\938\0.jpg,1
ValidationSet\RawFaces\Face Dataset\781\0.jpg,ValidationSet\RawFaces\Face Dataset\781\1.jpg,1
ValidationSet\RawFaces\Face Dataset\1547\1.jpg,ValidationSet\RawFaces\Face Dataset\1041\1.jpg,0
ValidationSet\RawFaces\Face Dataset\929\0.jpg,ValidationSet\RawFaces\Face Dataset\929\1.jpg,1
ValidationSet\RawFaces\Face Dataset\1578\4.jpg,ValidationSet\RawFaces\Face Dataset\1578\11.jpg,1
ValidationSet\RawFaces\Face Dataset\1174\2.jpg,ValidationSet\RawFaces\Face Dataset\1009\0.jpg,0
ValidationSet\RawFaces\Face Dataset\1358\2.jpg,ValidationSet\RawFaces\Face Dataset\1358\1.jpg,1
ValidationSet\RawFaces\Face Dataset\375\0.jpg,ValidationSet\RawFaces\Face Dataset\375\1.jpg,1
ValidationSet\RawFaces\Face Dataset\56\0.jpg,ValidationSet\RawFaces\Face Dataset\56\1.jpg,1
ValidationSet\RawFaces\Face Dataset\652\25.jpg,ValidationSet\RawFaces\Face Dataset\652\19.jpg,1
ValidationSet\RawFaces\Face Dataset\1460\0.jpg,ValidationSet\RawFaces\Face Dataset\1\1.jpg,0
ValidationSet\RawFaces\Face Dataset\975\1.jpg,ValidationSet\RawFaces\Face Dataset\546\2.jpg,0
ValidationSet\RawFaces\Face Dataset\1435\1.jpg,ValidationSet\RawFaces\Face Dataset\1378\0.jpg,0
ValidationSet\RawFaces\Face Dataset\884\1.jpg,ValidationSet\RawFaces\Face Dataset\884\0.jpg,1
ValidationSet\RawFaces\Face Dataset\575\0.jpg,ValidationSet\RawFaces\Face Dataset\1102\1.jpg,0
ValidationSet\RawFaces\Face Dataset\1246\1.jpg,ValidationSet\RawFaces\Face Dataset\1246\9.jpg,1
ValidationSet\RawFaces\Face Dataset\1326\8.jpg,ValidationSet\RawFaces\Face Dataset\1326\2.jpg,1
ValidationSet\RawFaces\Face Dataset\1207\1.jpg,ValidationSet\RawFaces\Face Dataset\1207\0.jpg,1
ValidationSet\RawFaces\Face Dataset\782\2.jpg,ValidationSet\RawFaces\Face Dataset\1221\1.jpg,0
ValidationSet\RawFaces\Face Dataset\368\2.jpg,ValidationSet\RawFaces\Face Dataset\1210\1.jpg,0
ValidationSet\RawFaces\Face Dataset\600\0.jpg,ValidationSet\RawFaces\Face Dataset\1214\2.jpg,0
ValidationSet\RawFaces\Face Dataset\790\0.jpg,ValidationSet\RawFaces\Face Dataset\1338\6.jpg,0
ValidationSet\RawFaces\Face Dataset\386\11.jpg,ValidationSet\RawFaces\Face Dataset\1562\3.jpg,0
ValidationSet\RawFaces\Face Dataset\709\42.jpg,ValidationSet\RawFaces\Face Dataset\1387\3.jpg,0
ValidationSet\RawFaces\Face Dataset\26\0.jpg,ValidationSet\RawFaces\Face Dataset\526\1.jpg,0
ValidationSet\RawFaces\Face Dataset\20\1.jpg,ValidationSet\RawFaces\Face Dataset\1460\0.jpg,0
ValidationSet\RawFaces\Face Dataset\1361\0.jpg,ValidationSet\RawFaces\Face Dataset\1573\1.jpg,0
ValidationSet\RawFaces\Face Dataset\20\1.jpg,ValidationSet\RawFaces\Face Dataset\1451\2.jpg,0
ValidationSet\RawFaces\Face Dataset\459\0.jpg,ValidationSet\RawFaces\Face Dataset\459\1.jpg,1
ValidationSet\RawFaces\Face Dataset\1025\1.jpg,ValidationSet\RawFaces\Face Dataset\626\1.jpg,0
ValidationSet\RawFaces\Face Dataset\1477\2.jpg,ValidationSet\RawFaces\Face Dataset\587\1.jpg,0
ValidationSet\RawFaces\Face Dataset\1138\0.jpg,ValidationSet\RawFaces\Face Dataset\1138\3.jpg,1
ValidationSet\RawFaces\Face Dataset\852\2.jpg,ValidationSet\RawFaces\Face Dataset\1457\1.jpg,0
ValidationSet\RawFaces\Face Dataset\1001\0.jpg,ValidationSet\RawFaces\Face Dataset\1001\2.jpg,1
ValidationSet\RawFaces\Face Dataset\974\0.jpg,ValidationSet\RawFaces\Face Dataset\1325\0.jpg,0
ValidationSet\RawFaces\Face Dataset\341\2.jpg,ValidationSet\RawFaces\Face Dataset\341\0.jpg,1
ValidationSet\RawFaces\Face Dataset\231\1.jpg,ValidationSet\RawFaces\Face Dataset\231\2.jpg,1
ValidationSet\RawFaces\Face Dataset\374\2.jpg,ValidationSet\RawFaces\Face Dataset\374\0.jpg,1
ValidationSet\RawFaces\Face Dataset\1383\0.jpg,ValidationSet\RawFaces\Face Dataset\1371\0.jpg,0
ValidationSet\RawFaces\Face Dataset\1472\0.jpg,ValidationSet\RawFaces\Face Dataset\1472\1.jpg,1
ValidationSet\RawFaces\Face Dataset\1494\2.jpg,ValidationSet\RawFaces\Face Dataset\306\6.jpg,0
ValidationSet\RawFaces\Face Dataset\1398\5.jpg,ValidationSet\RawFaces\Face Dataset\1398\4.jpg,1
ValidationSet\RawFaces\Face Dataset\1326\8.jpg,ValidationSet\RawFaces\Face Dataset\1326\3.jpg,1
ValidationSet\RawFaces\Face Dataset\539\1.jpg,ValidationSet\RawFaces\Face Dataset\539\0.jpg,1
ValidationSet\RawFaces\Face Dataset\1087\1.jpg,ValidationSet\RawFaces\Face Dataset\1087\0.jpg,1
ValidationSet\RawFaces\Face Dataset\1536\4.jpg,ValidationSet\RawFaces\Face Dataset\781\1.jpg,0
ValidationSet\RawFaces\Face Dataset\38\18.jpg,ValidationSet\RawFaces\Face Dataset\38\29.jpg,1
ValidationSet\RawFaces\Face Dataset\1649\1.jpg,ValidationSet\RawFaces\Face Dataset\492\1.jpg,0
ValidationSet\RawFaces\Face Dataset\524\2.jpg,ValidationSet\RawFaces\Face Dataset\524\1.jpg,1
ValidationSet\RawFaces\Face Dataset\781\1.jpg,ValidationSet\RawFaces\Face Dataset\375\1.jpg,0
ValidationSet\RawFaces\Face Dataset\1028\1.jpg,ValidationSet\RawFaces\Face Dataset\1028\0.jpg,1
ValidationSet\RawFaces\Face Dataset\947\0.jpg,ValidationSet\RawFaces\Face Dataset\1551\0.jpg,0
ValidationSet\RawFaces\Face Dataset\726\1.jpg,ValidationSet\RawFaces\Face Dataset\905\2.jpg,0
ValidationSet\RawFaces\Face Dataset\599\1.jpg,ValidationSet\RawFaces\Face Dataset\178\0.jpg,0
ValidationSet\RawFaces\Face Dataset\1276\0.jpg,ValidationSet\RawFaces\Face Dataset\1276\1.jpg,1
ValidationSet\RawFaces\Face Dataset\1269\2.jpg,ValidationSet\RawFaces\Face Dataset\1269\1.jpg,1
ValidationSet\RawFaces\Face Dataset\1516\0.jpg,ValidationSet\RawFaces\Face Dataset\780\1.jpg,0
ValidationSet\RawFaces\Face Dataset\359\2.jpg,ValidationSet\RawFaces\Face Dataset\192\0.jpg,0
ValidationSet\RawFaces\Face Dataset\867\0.jpg,ValidationSet\RawFaces\Face Dataset\249\4.jpg,0
ValidationSet\RawFaces\Face Dataset\684\0.jpg,ValidationSet\RawFaces\Face Dataset\1134\1.jpg,0
ValidationSet\RawFaces\Face Dataset\357\0.jpg,ValidationSet\RawFaces\Face Dataset\88\2.jpg,0
ValidationSet\RawFaces\Face Dataset\983\0.jpg,ValidationSet\RawFaces\Face Dataset\1658\0.jpg,0
ValidationSet\RawFaces\Face Dataset\882\1.jpg,ValidationSet\RawFaces\Face Dataset\882\0.jpg,1
ValidationSet\RawFaces\Face Dataset\1061\4.jpg,ValidationSet\RawFaces\Face Dataset\1139\0.jpg,0
ValidationSet\RawFaces\Face Dataset\816\1.jpg,ValidationSet\RawFaces\Face Dataset\1387\0.jpg,0
ValidationSet\RawFaces\Face Dataset\91\1.jpg,ValidationSet\RawFaces\Face Dataset\91\2.jpg,1
ValidationSet\RawFaces\Face Dataset\123\0.jpg,ValidationSet\RawFaces\Face Dataset\1526\0.jpg,0
ValidationSet\RawFaces\Face Dataset\574\2.jpg,ValidationSet\RawFaces\Face Dataset\1097\4.jpg,0
ValidationSet\RawFaces\Face Dataset\877\0.jpg,ValidationSet\RawFaces\Face Dataset\1611\3.jpg,0
ValidationSet\RawFaces\Face Dataset\210\0.jpg,ValidationSet\RawFaces\Face Dataset\210\2.jpg,1
ValidationSet\RawFaces\Face Dataset\1490\8.jpg,ValidationSet\RawFaces\Face Dataset\1490\22.jpg,1
ValidationSet\RawFaces\Face Dataset\455\0.jpg,ValidationSet\RawFaces\Face Dataset\543\2.jpg,0
ValidationSet\RawFaces\Face Dataset\1583\0.jpg,ValidationSet\RawFaces\Face Dataset\394\3.jpg,0
ValidationSet\RawFaces\Face Dataset\994\44.jpg,ValidationSet\RawFaces\Face Dataset\994\17.jpg,1
ValidationSet\RawFaces\Face Dataset\841\26.jpg,ValidationSet\RawFaces\Face Dataset\841\27.jpg,1
ValidationSet\RawFaces\Face Dataset\1109\0.jpg,ValidationSet\RawFaces\Face Dataset\1109\1.jpg,1
ValidationSet\RawFaces\Face Dataset\1197\0.jpg,ValidationSet\RawFaces\Face Dataset\1185\0.jpg,0
ValidationSet\RawFaces\Face Dataset\1555\1.jpg,ValidationSet\RawFaces\Face Dataset\1555\2.jpg,1
ValidationSet\RawFaces\Face Dataset\692\1.jpg,ValidationSet\RawFaces\Face Dataset\39\2.jpg,0
ValidationSet\RawFaces\Face Dataset\1530\1.jpg,ValidationSet\RawFaces\Face Dataset\1\0.jpg,0
ValidationSet\RawFaces\Face Dataset\836\5.jpg,ValidationSet\RawFaces\Face Dataset\1630\1.jpg,0
ValidationSet\RawFaces\Face Dataset\586\0.jpg,ValidationSet\RawFaces\Face Dataset\576\0.jpg,0
ValidationSet\RawFaces\Face Dataset\955\0.jpg,ValidationSet\RawFaces\Face Dataset\573\3.jpg,0
ValidationSet\RawFaces\Face Dataset\476\2.jpg,ValidationSet\RawFaces\Face Dataset\476\0.jpg,1
ValidationSet\RawFaces\Face Dataset\1524\3.jpg,ValidationSet\RawFaces\Face Dataset\1177\1.jpg,0
ValidationSet\RawFaces\Face Dataset\646\1.jpg,ValidationSet\RawFaces\Face Dataset\646\0.jpg,1
ValidationSet\RawFaces\Face Dataset\100\1.jpg,ValidationSet\RawFaces\Face Dataset\100\0.jpg,1
ValidationSet\RawFaces\Face Dataset\293\1.jpg,ValidationSet\RawFaces\Face Dataset\293\0.jpg,1
ValidationSet\RawFaces\Face Dataset\896\0.jpg,ValidationSet\RawFaces\Face Dataset\800\9.jpg,0
ValidationSet\RawFaces\Face Dataset\755\4.jpg,ValidationSet\RawFaces\Face Dataset\133\0.jpg,0
ValidationSet\RawFaces\Face Dataset\14\1.jpg,ValidationSet\RawFaces\Face Dataset\14\0.jpg,1
ValidationSet\RawFaces\Face Dataset\676\0.jpg,ValidationSet\RawFaces\Face Dataset\676\3.jpg,1
ValidationSet\RawFaces\Face Dataset\824\1.jpg,ValidationSet\RawFaces\Face Dataset\703\5.jpg,0
ValidationSet\RawFaces\Face Dataset\787\2.jpg,ValidationSet\RawFaces\Face Dataset\52\1.jpg,0
ValidationSet\RawFaces\Face Dataset\193\0.jpg,ValidationSet\RawFaces\Face Dataset\193\3.jpg,1
ValidationSet\RawFaces\Face Dataset\104\0.jpg,ValidationSet\RawFaces\Face Dataset\363\0.jpg,0
ValidationSet\RawFaces\Face Dataset\6\17.jpg,ValidationSet\RawFaces\Face Dataset\6\15.jpg,1
ValidationSet\RawFaces\Face Dataset\475\16.jpg,ValidationSet\RawFaces\Face Dataset\758\0.jpg,0
ValidationSet\RawFaces\Face Dataset\1430\1.jpg,ValidationSet\RawFaces\Face Dataset\920\2.jpg,0
ValidationSet\RawFaces\Face Dataset\973\1.jpg,ValidationSet\RawFaces\Face Dataset\1001\1.jpg,0
ValidationSet\RawFaces\Face Dataset\318\1.jpg,ValidationSet\RawFaces\Face Dataset\995\1.jpg,0
ValidationSet\RawFaces\Face Dataset\49\0.jpg,ValidationSet\RawFaces\Face Dataset\49\1.jpg,1
ValidationSet\RawFaces\Face Dataset\1109\1.jpg,ValidationSet\RawFaces\Face Dataset\1109\0.jpg,1
ValidationSet\RawFaces\Face Dataset\1201\1.jpg,ValidationSet\RawFaces\Face Dataset\242\1.jpg,0
ValidationSet\RawFaces\Face Dataset\1314\0.jpg,ValidationSet\RawFaces\Face Dataset\1314\1.jpg,1
ValidationSet\RawFaces\Face Dataset\1359\3.jpg,ValidationSet\RawFaces\Face Dataset\477\1.jpg,0
ValidationSet\RawFaces\Face Dataset\1054\2.jpg,ValidationSet\RawFaces\Face Dataset\290\1.jpg,0
ValidationSet\RawFaces\Face Dataset\1256\8.jpg,ValidationSet\RawFaces\Face Dataset\397\1.jpg,0
ValidationSet\RawFaces\Face Dataset\1485\1.jpg,ValidationSet\RawFaces\Face Dataset\1602\1.jpg,0
ValidationSet\RawFaces\Face Dataset\502\1.jpg,ValidationSet\RawFaces\Face Dataset\502\0.jpg,1
ValidationSet\RawFaces\Face Dataset\204\0.jpg,ValidationSet\RawFaces\Face Dataset\500\3.jpg,0
ValidationSet\RawFaces\Face Dataset\297\2.jpg,ValidationSet\RawFaces\Face Dataset\297\0.jpg,1
ValidationSet\RawFaces\Face Dataset\517\6.jpg,ValidationSet\RawFaces\Face Dataset\517\0.jpg,1
ValidationSet\RawFaces\Face Dataset\643\0.jpg,ValidationSet\RawFaces\Face Dataset\643\1.jpg,1
ValidationSet\RawFaces\Face Dataset\1093\1.jpg,ValidationSet\RawFaces\Face Dataset\1093\3.jpg,1
ValidationSet\RawFaces\Face Dataset\460\0.jpg,ValidationSet\RawFaces\Face Dataset\585\1.jpg,0
ValidationSet\RawFaces\Face Dataset\1665\0.jpg,ValidationSet\RawFaces\Face Dataset\1665\5.jpg,1
ValidationSet\RawFaces\Face Dataset\1138\0.jpg,ValidationSet\RawFaces\Face Dataset\1138\2.jpg,1
ValidationSet\RawFaces\Face Dataset\1074\2.jpg,ValidationSet\RawFaces\Face Dataset\769\0.jpg,0
ValidationSet\RawFaces\Face Dataset\1559\0.jpg,ValidationSet\RawFaces\Face Dataset\1559\1.jpg,1
ValidationSet\RawFaces\Face Dataset\1130\1.jpg,ValidationSet\RawFaces\Face Dataset\1130\0.jpg,1
ValidationSet\RawFaces\Face Dataset\1409\1.jpg,ValidationSet\RawFaces\Face Dataset\1409\0.jpg,1
ValidationSet\RawFaces\Face Dataset\356\0.jpg,ValidationSet\RawFaces\Face Dataset\356\2.jpg,1
ValidationSet\RawFaces\Face Dataset\883\0.jpg,ValidationSet\RawFaces\Face Dataset\883\1.jpg,1
ValidationSet\RawFaces\Face Dataset\1045\0.jpg,ValidationSet\RawFaces\Face Dataset\784\3.jpg,0
ValidationSet\RawFaces\Face Dataset\541\1.jpg,ValidationSet\RawFaces\Face Dataset\1541\1.jpg,0
ValidationSet\RawFaces\Face Dataset\1226\0.jpg,ValidationSet\RawFaces\Face Dataset\1226\1.jpg,1
ValidationSet\RawFaces\Face Dataset\1664\3.jpg,ValidationSet\RawFaces\Face Dataset\1078\2.jpg,0
ValidationSet\RawFaces\Face Dataset\845\1.jpg,ValidationSet\RawFaces\Face Dataset\845\0.jpg,1
ValidationSet\RawFaces\Face Dataset\360\1.jpg,ValidationSet\RawFaces\Face Dataset\1353\0.jpg,0
ValidationSet\RawFaces\Face Dataset\937\1.jpg,ValidationSet\RawFaces\Face Dataset\1232\1.jpg,0
ValidationSet\RawFaces\Face Dataset\1425\0.jpg,ValidationSet\RawFaces\Face Dataset\1425\1.jpg,1
ValidationSet\RawFaces\Face Dataset\395\2.jpg,ValidationSet\RawFaces\Face Dataset\395\1.jpg,1
ValidationSet\RawFaces\Face Dataset\1433\3.jpg,ValidationSet\RawFaces\Face Dataset\1433\12.jpg,1
ValidationSet\RawFaces\Face Dataset\772\6.jpg,ValidationSet\RawFaces\Face Dataset\772\4.jpg,1
ValidationSet\RawFaces\Face Dataset\1328\3.jpg,ValidationSet\RawFaces\Face Dataset\1328\1.jpg,1
ValidationSet\RawFaces\Face Dataset\1608\2.jpg,ValidationSet\RawFaces\Face Dataset\392\1.jpg,0
ValidationSet\RawFaces\Face Dataset\1106\4.jpg,ValidationSet\RawFaces\Face Dataset\1597\12.jpg,0
ValidationSet\RawFaces\Face Dataset\688\1.jpg,ValidationSet\RawFaces\Face Dataset\688\0.jpg,1
ValidationSet\RawFaces\Face Dataset\654\29.jpg,ValidationSet\RawFaces\Face Dataset\654\16.jpg,1
ValidationSet\RawFaces\Face Dataset\1242\1.jpg,ValidationSet\RawFaces\Face Dataset\1242\0.jpg,1
ValidationSet\RawFaces\Face Dataset\120\2.jpg,ValidationSet\RawFaces\Face Dataset\1090\0.jpg,0
ValidationSet\RawFaces\Face Dataset\1177\1.jpg,ValidationSet\RawFaces\Face Dataset\1177\3.jpg,1
ValidationSet\RawFaces\Face Dataset\1633\8.jpg,ValidationSet\RawFaces\Face Dataset\1033\0.jpg,0
ValidationSet\RawFaces\Face Dataset\1597\7.jpg,ValidationSet\RawFaces\Face Dataset\1261\2.jpg,0
ValidationSet\RawFaces\Face Dataset\1161\2.jpg,ValidationSet\RawFaces\Face Dataset\425\1.jpg,0
ValidationSet\RawFaces\Face Dataset\167\8.jpg,ValidationSet\RawFaces\Face Dataset\1159\3.jpg,0
ValidationSet\RawFaces\Face Dataset\156\1.jpg,ValidationSet\RawFaces\Face Dataset\722\0.jpg,0
ValidationSet\RawFaces\Face Dataset\115\4.jpg,ValidationSet\RawFaces\Face Dataset\115\2.jpg,1
ValidationSet\RawFaces\Face Dataset\1265\0.jpg,ValidationSet\RawFaces\Face Dataset\1265\3.jpg,1
ValidationSet\RawFaces\Face Dataset\446\1.jpg,ValidationSet\RawFaces\Face Dataset\446\0.jpg,1
ValidationSet\RawFaces\Face Dataset\807\0.jpg,ValidationSet\RawFaces\Face Dataset\807\4.jpg,1
ValidationSet\RawFaces\Face Dataset\1066\0.jpg,ValidationSet\RawFaces\Face Dataset\1563\0.jpg,0
ValidationSet\RawFaces\Face Dataset\1517\1.jpg,ValidationSet\RawFaces\Face Dataset\802\1.jpg,0
ValidationSet\RawFaces\Face Dataset\740\7.jpg,ValidationSet\RawFaces\Face Dataset\421\1.jpg,0
ValidationSet\RawFaces\Face Dataset\964\1.jpg,ValidationSet\RawFaces\Face Dataset\964\0.jpg,1
ValidationSet\RawFaces\Face Dataset\1542\1.jpg,ValidationSet\RawFaces\Face Dataset\1542\2.jpg,1
ValidationSet\RawFaces\Face Dataset\183\0.jpg,ValidationSet\RawFaces\Face Dataset\1434\1.jpg,0
ValidationSet\RawFaces\Face Dataset\958\1.jpg,ValidationSet\RawFaces\Face Dataset\958\0.jpg,1
ValidationSet\RawFaces\Face Dataset\661\1.jpg,ValidationSet\RawFaces\Face Dataset\661\0.jpg,1
ValidationSet\RawFaces\Face Dataset\1515\3.jpg,ValidationSet\RawFaces\Face Dataset\1515\0.jpg,1
ValidationSet\RawFaces\Face Dataset\101\0.jpg,ValidationSet\RawFaces\Face Dataset\101\1.jpg,1
ValidationSet\RawFaces\Face Dataset\1461\1.jpg,ValidationSet\RawFaces\Face Dataset\1351\1.jpg,0
ValidationSet\RawFaces\Face Dataset\811\0.jpg,ValidationSet\RawFaces\Face Dataset\832\4.jpg,0
ValidationSet\RawFaces\Face Dataset\355\0.jpg,ValidationSet\RawFaces\Face Dataset\355\1.jpg,1
ValidationSet\RawFaces\Face Dataset\1024\2.jpg,ValidationSet\RawFaces\Face Dataset\1024\4.jpg,1
ValidationSet\RawFaces\Face Dataset\1046\2.jpg,ValidationSet\RawFaces\Face Dataset\639\0.jpg,0
ValidationSet\RawFaces\Face Dataset\1561\0.jpg,ValidationSet\RawFaces\Face Dataset\1561\1.jpg,1
ValidationSet\RawFaces\Face Dataset\1020\1.jpg,ValidationSet\RawFaces\Face Dataset\1020\5.jpg,1
ValidationSet\RawFaces\Face Dataset\560\1.jpg,ValidationSet\RawFaces\Face Dataset\560\2.jpg,1
ValidationSet\RawFaces\Face Dataset\1203\0.jpg,ValidationSet\RawFaces\Face Dataset\741\1.jpg,0
ValidationSet\RawFaces\Face Dataset\91\1.jpg,ValidationSet\RawFaces\Face Dataset\91\2.jpg,1
ValidationSet\RawFaces\Face Dataset\1388\1.jpg,ValidationSet\RawFaces\Face Dataset\1388\0.jpg,1
ValidationSet\RawFaces\Face Dataset\1668\1.jpg,ValidationSet\RawFaces\Face Dataset\941\0.jpg,0
ValidationSet\RawFaces\Face Dataset\1439\1.jpg,ValidationSet\RawFaces\Face Dataset\92\5.jpg,0
ValidationSet\RawFaces\Face Dataset\1649\0.jpg,ValidationSet\RawFaces\Face Dataset\1649\1.jpg,1
ValidationSet\RawFaces\Face Dataset\317\1.jpg,ValidationSet\RawFaces\Face Dataset\828\0.jpg,0
ValidationSet\RawFaces\Face Dataset\815\3.jpg,ValidationSet\RawFaces\Face Dataset\911\2.jpg,0
ValidationSet\RawFaces\Face Dataset\887\0.jpg,ValidationSet\RawFaces\Face Dataset\887\1.jpg,1
ValidationSet\RawFaces\Face Dataset\138\0.jpg,ValidationSet\RawFaces\Face Dataset\138\1.jpg,1
ValidationSet\RawFaces\Face Dataset\606\1.jpg,ValidationSet\RawFaces\Face Dataset\606\0.jpg,1
ValidationSet\RawFaces\Face Dataset\1654\2.jpg,ValidationSet\RawFaces\Face Dataset\1592\3.jpg,0
ValidationSet\RawFaces\Face Dataset\1411\4.jpg,ValidationSet\RawFaces\Face Dataset\1441\1.jpg,0
ValidationSet\RawFaces\Face Dataset\583\1.jpg,ValidationSet\RawFaces\Face Dataset\583\0.jpg,1
ValidationSet\RawFaces\Face Dataset\683\1.jpg,ValidationSet\RawFaces\Face Dataset\683\0.jpg,1
ValidationSet\RawFaces\Face Dataset\1379\1.jpg,ValidationSet\RawFaces\Face Dataset\1637\0.jpg,0
ValidationSet\RawFaces\Face Dataset\356\1.jpg,ValidationSet\RawFaces\Face Dataset\1471\8.jpg,0
ValidationSet\RawFaces\Face Dataset\465\1.jpg,ValidationSet\RawFaces\Face Dataset\892\1.jpg,0
ValidationSet\RawFaces\Face Dataset\648\1.jpg,ValidationSet\RawFaces\Face Dataset\648\0.jpg,1
ValidationSet\RawFaces\Face Dataset\885\0.jpg,ValidationSet\RawFaces\Face Dataset\993\1.jpg,0
ValidationSet\RawFaces\Face Dataset\1592\3.jpg,ValidationSet\RawFaces\Face Dataset\1630\0.jpg,0
ValidationSet\RawFaces\Face Dataset\1641\1.jpg,ValidationSet\RawFaces\Face Dataset\1573\0.jpg,0
ValidationSet\RawFaces\Face Dataset\479\1.jpg,ValidationSet\RawFaces\Face Dataset\479\0.jpg,1
ValidationSet\RawFaces\Face Dataset\526\20.jpg,ValidationSet\RawFaces\Face Dataset\526\21.jpg,1
ValidationSet\RawFaces\Face Dataset\1398\1.jpg,ValidationSet\RawFaces\Face Dataset\581\5.jpg,0
ValidationSet\RawFaces\Face Dataset\973\3.jpg,ValidationSet\RawFaces\Face Dataset\973\0.jpg,1
ValidationSet\RawFaces\Face Dataset\1387\1.jpg,ValidationSet\RawFaces\Face Dataset\1387\2.jpg,1
ValidationSet\RawFaces\Face Dataset\468\1.jpg,ValidationSet\RawFaces\Face Dataset\264\0.jpg,0
ValidationSet\RawFaces\Face Dataset\982\0.jpg,ValidationSet\RawFaces\Face Dataset\412\0.jpg,0
ValidationSet\RawFaces\Face Dataset\1184\3.jpg,ValidationSet\RawFaces\Face Dataset\1184\1.jpg,1
ValidationSet\RawFaces\Face Dataset\772\2.jpg,ValidationSet\RawFaces\Face Dataset\772\8.jpg,1
ValidationSet\RawFaces\Face Dataset\752\1.jpg,ValidationSet\RawFaces\Face Dataset\752\0.jpg,1
ValidationSet\RawFaces\Face Dataset\751\6.jpg,ValidationSet\RawFaces\Face Dataset\954\0.jpg,0
ValidationSet\RawFaces\Face Dataset\405\0.jpg,ValidationSet\RawFaces\Face Dataset\610\2.jpg,0
ValidationSet\RawFaces\Face Dataset\1286\1.jpg,ValidationSet\RawFaces\Face Dataset\1286\0.jpg,1
ValidationSet\RawFaces\Face Dataset\1203\1.jpg,ValidationSet\RawFaces\Face Dataset\844\3.jpg,0
ValidationSet\RawFaces\Face Dataset\851\2.jpg,ValidationSet\RawFaces\Face Dataset\1337\0.jpg,0
ValidationSet\RawFaces\Face Dataset\1222\0.jpg,ValidationSet\RawFaces\Face Dataset\105\0.jpg,0
ValidationSet\RawFaces\Face Dataset\1559\1.jpg,ValidationSet\RawFaces\Face Dataset\401\0.jpg,0
ValidationSet\RawFaces\Face Dataset\1408\1.jpg,ValidationSet\RawFaces\Face Dataset\218\3.jpg,0
ValidationSet\RawFaces\Face Dataset\861\2.jpg,ValidationSet\RawFaces\Face Dataset\1267\0.jpg,0
ValidationSet\RawFaces\Face Dataset\428\2.jpg,ValidationSet\RawFaces\Face Dataset\428\4.jpg,1
ValidationSet\RawFaces\Face Dataset\1060\2.jpg,ValidationSet\RawFaces\Face Dataset\1060\3.jpg,1
ValidationSet\RawFaces\Face Dataset\248\2.jpg,ValidationSet\RawFaces\Face Dataset\479\1.jpg,0
ValidationSet\RawFaces\Face Dataset\1469\0.jpg,ValidationSet\RawFaces\Face Dataset\1469\2.jpg,1
ValidationSet\RawFaces\Face Dataset\831\1.jpg,ValidationSet\RawFaces\Face Dataset\831\0.jpg,1
ValidationSet\RawFaces\Face Dataset\83\18.jpg,ValidationSet\RawFaces\Face Dataset\83\19.jpg,1
ValidationSet\RawFaces\Face Dataset\944\1.jpg,ValidationSet\RawFaces\Face Dataset\944\3.jpg,1
ValidationSet\RawFaces\Face Dataset\1123\0.jpg,ValidationSet\RawFaces\Face Dataset\1123\1.jpg,1
ValidationSet\RawFaces\Face Dataset\695\0.jpg,ValidationSet\RawFaces\Face Dataset\253\0.jpg,0
ValidationSet\RawFaces\Face Dataset\853\12.jpg,ValidationSet\RawFaces\Face Dataset\853\7.jpg,1
ValidationSet\RawFaces\Face Dataset\1042\0.jpg,ValidationSet\RawFaces\Face Dataset\177\1.jpg,0
ValidationSet\RawFaces\Face Dataset\952\6.jpg,ValidationSet\RawFaces\Face Dataset\1319\1.jpg,0
ValidationSet\RawFaces\Face Dataset\624\7.jpg,ValidationSet\RawFaces\Face Dataset\624\8.jpg,1
ValidationSet\RawFaces\Face Dataset\986\4.jpg,ValidationSet\RawFaces\Face Dataset\986\10.jpg,1
ValidationSet\RawFaces\Face Dataset\389\2.jpg,ValidationSet\RawFaces\Face Dataset\27\3.jpg,0
ValidationSet\RawFaces\Face Dataset\591\8.jpg,ValidationSet\RawFaces\Face Dataset\591\3.jpg,1
ValidationSet\RawFaces\Face Dataset\416\3.jpg,ValidationSet\RawFaces\Face Dataset\416\1.jpg,1
ValidationSet\RawFaces\Face Dataset\281\2.jpg,ValidationSet\RawFaces\Face Dataset\281\5.jpg,1
ValidationSet\RawFaces\Face Dataset\1384\1.jpg,ValidationSet\RawFaces\Face Dataset\23\0.jpg,0
ValidationSet\RawFaces\Face Dataset\186\0.jpg,ValidationSet\RawFaces\Face Dataset\1638\1.jpg,0
ValidationSet\RawFaces\Face Dataset\420\1.jpg,ValidationSet\RawFaces\Face Dataset\1382\1.jpg,0
ValidationSet\RawFaces\Face Dataset\659\0.jpg,ValidationSet\RawFaces\Face Dataset\659\1.jpg,1
ValidationSet\RawFaces\Face Dataset\164\0.jpg,ValidationSet\RawFaces\Face Dataset\1373\1.jpg,0
ValidationSet\RawFaces\Face Dataset\797\2.jpg,ValidationSet\RawFaces\Face Dataset\210\1.jpg,0
ValidationSet\RawFaces\Face Dataset\604\3.jpg,ValidationSet\RawFaces\Face Dataset\1127\3.jpg,0
ValidationSet\RawFaces\Face Dataset\68\1.jpg,ValidationSet\RawFaces\Face Dataset\68\0.jpg,1
ValidationSet\RawFaces\Face Dataset\1651\1.jpg,ValidationSet\RawFaces\Face Dataset\1651\0.jpg,1
ValidationSet\RawFaces\Face Dataset\683\0.jpg,ValidationSet\RawFaces\Face Dataset\683\1.jpg,1
ValidationSet\RawFaces\Face Dataset\152\0.jpg,ValidationSet\RawFaces\Face Dataset\152\1.jpg,1
ValidationSet\RawFaces\Face Dataset\483\0.jpg,ValidationSet\RawFaces\Face Dataset\483\1.jpg,1
ValidationSet\RawFaces\Face Dataset\80\0.jpg,ValidationSet\RawFaces\Face Dataset\80\1.jpg,1
ValidationSet\RawFaces\Face Dataset\714\1.jpg,ValidationSet\RawFaces\Face Dataset\927\1.jpg,0
ValidationSet\RawFaces\Face Dataset\1416\0.jpg,ValidationSet\RawFaces\Face Dataset\1295\1.jpg,0
ValidationSet\RawFaces\Face Dataset\638\2.jpg,ValidationSet\RawFaces\Face Dataset\684\0.jpg,0
ValidationSet\RawFaces\Face Dataset\753\4.jpg,ValidationSet\RawFaces\Face Dataset\753\3.jpg,1
ValidationSet\RawFaces\Face Dataset\618\3.jpg,ValidationSet\RawFaces\Face Dataset\618\2.jpg,1
ValidationSet\RawFaces\Face Dataset\1235\1.jpg,ValidationSet\RawFaces\Face Dataset\1235\0.jpg,1
ValidationSet\RawFaces\Face Dataset\1526\2.jpg,ValidationSet\RawFaces\Face Dataset\1526\3.jpg,1
ValidationSet\RawFaces\Face Dataset\470\1.jpg,ValidationSet\RawFaces\Face Dataset\470\0.jpg,1
ValidationSet\RawFaces\Face Dataset\733\2.jpg,ValidationSet\RawFaces\Face Dataset\229\0.jpg,0
ValidationSet\RawFaces\Face Dataset\510\1.jpg,ValidationSet\RawFaces\Face Dataset\1628\0.jpg,0
ValidationSet\RawFaces\Face Dataset\1632\2.jpg,ValidationSet\RawFaces\Face Dataset\1632\5.jpg,1
ValidationSet\RawFaces\Face Dataset\1679\0.jpg,ValidationSet\RawFaces\Face Dataset\1679\2.jpg,1
ValidationSet\RawFaces\Face Dataset\237\2.jpg,ValidationSet\RawFaces\Face Dataset\237\1.jpg,1
ValidationSet\RawFaces\Face Dataset\574\0.jpg,ValidationSet\RawFaces\Face Dataset\501\1.jpg,0
ValidationSet\RawFaces\Face Dataset\1200\2.jpg,ValidationSet\RawFaces\Face Dataset\639\0.jpg,0
ValidationSet\RawFaces\Face Dataset\406\1.jpg,ValidationSet\RawFaces\Face Dataset\249\0.jpg,0
ValidationSet\RawFaces\Face Dataset\736\2.jpg,ValidationSet\RawFaces\Face Dataset\736\1.jpg,1
ValidationSet\RawFaces\Face Dataset\615\1.jpg,ValidationSet\RawFaces\Face Dataset\615\2.jpg,1
ValidationSet\RawFaces\Face Dataset\1066\1.jpg,ValidationSet\RawFaces\Face Dataset\1066\0.jpg,1
ValidationSet\RawFaces\Face Dataset\465\1.jpg,ValidationSet\RawFaces\Face Dataset\1645\1.jpg,0
ValidationSet\RawFaces\Face Dataset\200\0.jpg,ValidationSet\RawFaces\Face Dataset\1479\1.jpg,0
ValidationSet\RawFaces\Face Dataset\144\1.jpg,ValidationSet\RawFaces\Face Dataset\958\0.jpg,0
ValidationSet\RawFaces\Face Dataset\1311\1.jpg,ValidationSet\RawFaces\Face Dataset\1311\2.jpg,1
ValidationSet\RawFaces\Face Dataset\1269\1.jpg,ValidationSet\RawFaces\Face Dataset\24\0.jpg,0
ValidationSet\RawFaces\Face Dataset\1380\0.jpg,ValidationSet\RawFaces\Face Dataset\1380\1.jpg,1
ValidationSet\RawFaces\Face Dataset\216\0.jpg,ValidationSet\RawFaces\Face Dataset\216\1.jpg,1
ValidationSet\RawFaces\Face Dataset\1069\1.jpg,ValidationSet\RawFaces\Face Dataset\1381\3.jpg,0
ValidationSet\RawFaces\Face Dataset\1173\0.jpg,ValidationSet\RawFaces\Face Dataset\1000\0.jpg,0
ValidationSet\RawFaces\Face Dataset\725\1.jpg,ValidationSet\RawFaces\Face Dataset\329\1.jpg,0
ValidationSet\RawFaces\Face Dataset\742\3.jpg,ValidationSet\RawFaces\Face Dataset\742\1.jpg,1
ValidationSet\RawFaces\Face Dataset\419\2.jpg,ValidationSet\RawFaces\Face Dataset\419\0.jpg,1
ValidationSet\RawFaces\Face Dataset\84\1.jpg,ValidationSet\RawFaces\Face Dataset\84\0.jpg,1
ValidationSet\RawFaces\Face Dataset\1576\0.jpg,ValidationSet\RawFaces\Face Dataset\471\1.jpg,0
ValidationSet\RawFaces\Face Dataset\1269\2.jpg,ValidationSet\RawFaces\Face Dataset\1586\0.jpg,0
ValidationSet\RawFaces\Face Dataset\1399\0.jpg,ValidationSet\RawFaces\Face Dataset\1399\1.jpg,1
ValidationSet\RawFaces\Face Dataset\1205\1.jpg,ValidationSet\RawFaces\Face Dataset\160\0.jpg,0
ValidationSet\RawFaces\Face Dataset\1261\2.jpg,ValidationSet\RawFaces\Face Dataset\1261\1.jpg,1
ValidationSet\RawFaces\Face Dataset\402\0.jpg,ValidationSet\RawFaces\Face Dataset\402\1.jpg,1
ValidationSet\RawFaces\Face Dataset\748\0.jpg,ValidationSet\RawFaces\Face Dataset\748\1.jpg,1
ValidationSet\RawFaces\Face Dataset\208\0.jpg,ValidationSet\RawFaces\Face Dataset\208\1.jpg,1
ValidationSet\RawFaces\Face Dataset\1533\1.jpg,ValidationSet\RawFaces\Face Dataset\1317\0.jpg,0
ValidationSet\RawFaces\Face Dataset\1447\0.jpg,ValidationSet\RawFaces\Face Dataset\1447\1.jpg,1
ValidationSet\RawFaces\Face Dataset\323\0.jpg,ValidationSet\RawFaces\Face Dataset\323\1.jpg,1
ValidationSet\RawFaces\Face Dataset\451\1.jpg,ValidationSet\RawFaces\Face Dataset\233\1.jpg,0
ValidationSet\RawFaces\Face Dataset\339\1.jpg,ValidationSet\RawFaces\Face Dataset\937\0.jpg,0
ValidationSet\RawFaces\Face Dataset\1080\1.jpg,ValidationSet\RawFaces\Face Dataset\1080\0.jpg,1
ValidationSet\RawFaces\Face Dataset\208\1.jpg,ValidationSet\RawFaces\Face Dataset\208\0.jpg,1
ValidationSet\RawFaces\Face Dataset\1208\0.jpg,ValidationSet\RawFaces\Face Dataset\1208\1.jpg,1
ValidationSet\RawFaces\Face Dataset\1354\1.jpg,ValidationSet\RawFaces\Face Dataset\1670\0.jpg,0
ValidationSet\RawFaces\Face Dataset\1053\2.jpg,ValidationSet\RawFaces\Face Dataset\1053\0.jpg,1
ValidationSet\RawFaces\Face Dataset\1298\0.jpg,ValidationSet\RawFaces\Face Dataset\1650\0.jpg,0
ValidationSet\RawFaces\Face Dataset\188\0.jpg,ValidationSet\RawFaces\Face Dataset\188\1.jpg,1
ValidationSet\RawFaces\Face Dataset\1438\1.jpg,ValidationSet\RawFaces\Face Dataset\1438\0.jpg,1
ValidationSet\RawFaces\Face Dataset\726\0.jpg,ValidationSet\RawFaces\Face Dataset\726\1.jpg,1
ValidationSet\RawFaces\Face Dataset\377\1.jpg,ValidationSet\RawFaces\Face Dataset\377\0.jpg,1
ValidationSet\RawFaces\Face Dataset\570\3.jpg,ValidationSet\RawFaces\Face Dataset\570\1.jpg,1
ValidationSet\RawFaces\Face Dataset\1236\1.jpg,ValidationSet\RawFaces\Face Dataset\751\0.jpg,0
ValidationSet\RawFaces\Face Dataset\1014\4.jpg,ValidationSet\RawFaces\Face Dataset\732\1.jpg,0
ValidationSet\RawFaces\Face Dataset\1297\3.jpg,ValidationSet\RawFaces\Face Dataset\1297\2.jpg,1
ValidationSet\RawFaces\Face Dataset\711\1.jpg,ValidationSet\RawFaces\Face Dataset\1233\1.jpg,0
ValidationSet\RawFaces\Face Dataset\1555\2.jpg,ValidationSet\RawFaces\Face Dataset\1158\1.jpg,0
ValidationSet\RawFaces\Face Dataset\1367\0.jpg,ValidationSet\RawFaces\Face Dataset\903\0.jpg,0
ValidationSet\RawFaces\Face Dataset\943\1.jpg,ValidationSet\RawFaces\Face Dataset\943\0.jpg,1
ValidationSet\RawFaces\Face Dataset\342\0.jpg,ValidationSet\RawFaces\Face Dataset\784\6.jpg,0
ValidationSet\RawFaces\Face Dataset\1558\1.jpg,ValidationSet\RawFaces\Face Dataset\1558\0.jpg,1
ValidationSet\RawFaces\Face Dataset\1275\0.jpg,ValidationSet\RawFaces\Face Dataset\652\27.jpg,0
ValidationSet\RawFaces\Face Dataset\755\1.jpg,ValidationSet\RawFaces\Face Dataset\469\0.jpg,0
ValidationSet\RawFaces\Face Dataset\1293\0.jpg,ValidationSet\RawFaces\Face Dataset\272\2.jpg,0
ValidationSet\RawFaces\Face Dataset\264\0.jpg,ValidationSet\RawFaces\Face Dataset\264\1.jpg,1
ValidationSet\RawFaces\Face Dataset\1058\0.jpg,ValidationSet\RawFaces\Face Dataset\183\2.jpg,0
ValidationSet\RawFaces\Face Dataset\1173\1.jpg,ValidationSet\RawFaces\Face Dataset\1173\0.jpg,1
ValidationSet\RawFaces\Face Dataset\637\19.jpg,ValidationSet\RawFaces\Face Dataset\637\1.jpg,1
ValidationSet\RawFaces\Face Dataset\434\0.jpg,ValidationSet\RawFaces\Face Dataset\434\1.jpg,1
ValidationSet\RawFaces\Face Dataset\871\1.jpg,ValidationSet\RawFaces\Face Dataset\403\1.jpg,0
ValidationSet\RawFaces\Face Dataset\560\3.jpg,ValidationSet\RawFaces\Face Dataset\793\3.jpg,0
ValidationSet\RawFaces\Face Dataset\768\0.jpg,ValidationSet\RawFaces\Face Dataset\768\1.jpg,1
ValidationSet\RawFaces\Face Dataset\354\4.jpg,ValidationSet\RawFaces\Face Dataset\437\3.jpg,0
ValidationSet\RawFaces\Face Dataset\507\1.jpg,ValidationSet\RawFaces\Face Dataset\507\0.jpg,1
ValidationSet\RawFaces\Face Dataset\1523\1.jpg,ValidationSet\RawFaces\Face Dataset\1505\0.jpg,0
ValidationSet\RawFaces\Face Dataset\46\1.jpg,ValidationSet\RawFaces\Face Dataset\836\0.jpg,0
ValidationSet\RawFaces\Face Dataset\1433\10.jpg,ValidationSet\RawFaces\Face Dataset\678\1.jpg,0
ValidationSet\RawFaces\Face Dataset\854\0.jpg,ValidationSet\RawFaces\Face Dataset\854\1.jpg,1
ValidationSet\RawFaces\Face Dataset\14\1.jpg,ValidationSet\RawFaces\Face Dataset\10\3.jpg,0
ValidationSet\RawFaces\Face Dataset\1208\0.jpg,ValidationSet\RawFaces\Face Dataset\1198\16.jpg,0
ValidationSet\RawFaces\Face Dataset\1327\2.jpg,ValidationSet\RawFaces\Face Dataset\1327\0.jpg,1
ValidationSet\RawFaces\Face Dataset\1117\0.jpg,ValidationSet\RawFaces\Face Dataset\1117\1.jpg,1
ValidationSet\RawFaces\Face Dataset\1297\1.jpg,ValidationSet\RawFaces\Face Dataset\1297\2.jpg,1
ValidationSet\RawFaces\Face Dataset\378\8.jpg,ValidationSet\RawFaces\Face Dataset\962\1.jpg,0
ValidationSet\RawFaces\Face Dataset\718\2.jpg,ValidationSet\RawFaces\Face Dataset\572\0.jpg,0
ValidationSet\RawFaces\Face Dataset\379\2.jpg,ValidationSet\RawFaces\Face Dataset\379\0.jpg,1
ValidationSet\RawFaces\Face Dataset\777\0.jpg,ValidationSet\RawFaces\Face Dataset\1593\1.jpg,0
ValidationSet\RawFaces\Face Dataset\43\1.jpg,ValidationSet\RawFaces\Face Dataset\43\2.jpg,1
ValidationSet\RawFaces\Face Dataset\1652\21.jpg,ValidationSet\RawFaces\Face Dataset\730\0.jpg,0
ValidationSet\RawFaces\Face Dataset\1645\1.jpg,ValidationSet\RawFaces\Face Dataset\1167\0.jpg,0
ValidationSet\RawFaces\Face Dataset\158\4.jpg,ValidationSet\RawFaces\Face Dataset\158\2.jpg,1
ValidationSet\RawFaces\Face Dataset\1354\1.jpg,ValidationSet\RawFaces\Face Dataset\1224\3.jpg,0
ValidationSet\RawFaces\Face Dataset\1278\2.jpg,ValidationSet\RawFaces\Face Dataset\919\15.jpg,0
ValidationSet\RawFaces\Face Dataset\684\1.jpg,ValidationSet\RawFaces\Face Dataset\684\0.jpg,1
ValidationSet\RawFaces\Face Dataset\558\4.jpg,ValidationSet\RawFaces\Face Dataset\558\0.jpg,1
ValidationSet\RawFaces\Face Dataset\703\2.jpg,ValidationSet\RawFaces\Face Dataset\1127\0.jpg,0
ValidationSet\RawFaces\Face Dataset\727\6.jpg,ValidationSet\RawFaces\Face Dataset\727\7.jpg,1
ValidationSet\RawFaces\Face Dataset\187\2.jpg,ValidationSet\RawFaces\Face Dataset\153\1.jpg,0
ValidationSet\RawFaces\Face Dataset\748\0.jpg,ValidationSet\RawFaces\Face Dataset\748\1.jpg,1
ValidationSet\RawFaces\Face Dataset\1417\1.jpg,ValidationSet\RawFaces\Face Dataset\1417\0.jpg,1
ValidationSet\RawFaces\Face Dataset\307\0.jpg,ValidationSet\RawFaces\Face Dataset\496\0.jpg,0
ValidationSet\RawFaces\Face Dataset\448\0.jpg,ValidationSet\RawFaces\Face Dataset\1026\1.jpg,0
ValidationSet\RawFaces\Face Dataset\0\1.jpg,ValidationSet\RawFaces\Face Dataset\442\4.jpg,0
ValidationSet\RawFaces\Face Dataset\1036\0.jpg,ValidationSet\RawFaces\Face Dataset\678\0.jpg,0
ValidationSet\RawFaces\Face Dataset\1620\1.jpg,ValidationSet\RawFaces\Face Dataset\1452\1.jpg,0
ValidationSet\RawFaces\Face Dataset\1101\0.jpg,ValidationSet\RawFaces\Face Dataset\1082\12.jpg,0
ValidationSet\RawFaces\Face Dataset\347\0.jpg,ValidationSet\RawFaces\Face Dataset\225\1.jpg,0
ValidationSet\RawFaces\Face Dataset\114\0.jpg,ValidationSet\RawFaces\Face Dataset\1076\0.jpg,0
ValidationSet\RawFaces\Face Dataset\1504\1.jpg,ValidationSet\RawFaces\Face Dataset\500\2.jpg,0
ValidationSet\RawFaces\Face Dataset\1270\9.jpg,ValidationSet\RawFaces\Face Dataset\625\8.jpg,0
ValidationSet\RawFaces\Face Dataset\22\1.jpg,ValidationSet\RawFaces\Face Dataset\77\2.jpg,0
ValidationSet\RawFaces\Face Dataset\577\1.jpg,ValidationSet\RawFaces\Face Dataset\577\0.jpg,1
ValidationSet\RawFaces\Face Dataset\1414\1.jpg,ValidationSet\RawFaces\Face Dataset\1414\0.jpg,1
ValidationSet\RawFaces\Face Dataset\1525\0.jpg,ValidationSet\RawFaces\Face Dataset\1525\1.jpg,1
ValidationSet\RawFaces\Face Dataset\977\5.jpg,ValidationSet\RawFaces\Face Dataset\977\0.jpg,1
ValidationSet\RawFaces\Face Dataset\60\32.jpg,ValidationSet\RawFaces\Face Dataset\60\8.jpg,1
ValidationSet\RawFaces\Face Dataset\118\1.jpg,ValidationSet\RawFaces\Face Dataset\118\0.jpg,1
ValidationSet\RawFaces\Face Dataset\1102\0.jpg,ValidationSet\RawFaces\Face Dataset\1102\1.jpg,1
ValidationSet\RawFaces\Face Dataset\533\2.jpg,ValidationSet\RawFaces\Face Dataset\533\3.jpg,1
ValidationSet\RawFaces\Face Dataset\616\6.jpg,ValidationSet\RawFaces\Face Dataset\616\12.jpg,1
ValidationSet\RawFaces\Face Dataset\270\2.jpg,ValidationSet\RawFaces\Face Dataset\1470\1.jpg,0
ValidationSet\RawFaces\Face Dataset\1503\1.jpg,ValidationSet\RawFaces\Face Dataset\1672\0.jpg,0
ValidationSet\RawFaces\Face Dataset\319\1.jpg,ValidationSet\RawFaces\Face Dataset\975\1.jpg,0
ValidationSet\RawFaces\Face Dataset\322\1.jpg,ValidationSet\RawFaces\Face Dataset\692\2.jpg,0
ValidationSet\RawFaces\Face Dataset\445\0.jpg,ValidationSet\RawFaces\Face Dataset\445\1.jpg,1
ValidationSet\RawFaces\Face Dataset\243\3.jpg,ValidationSet\RawFaces\Face Dataset\185\3.jpg,0
ValidationSet\RawFaces\Face Dataset\1366\0.jpg,ValidationSet\RawFaces\Face Dataset\620\3.jpg,0
ValidationSet\RawFaces\Face Dataset\990\2.jpg,ValidationSet\RawFaces\Face Dataset\154\0.jpg,0
ValidationSet\RawFaces\Face Dataset\462\0.jpg,ValidationSet\RawFaces\Face Dataset\462\1.jpg,1
ValidationSet\RawFaces\Face Dataset\33\0.jpg,ValidationSet\RawFaces\Face Dataset\73\2.jpg,0
ValidationSet\RawFaces\Face Dataset\1018\1.jpg,ValidationSet\RawFaces\Face Dataset\1018\0.jpg,1
ValidationSet\RawFaces\Face Dataset\1633\1.jpg,ValidationSet\RawFaces\Face Dataset\1633\0.jpg,1
ValidationSet\RawFaces\Face Dataset\1628\0.jpg,ValidationSet\RawFaces\Face Dataset\1628\2.jpg,1
ValidationSet\RawFaces\Face Dataset\1385\1.jpg,ValidationSet\RawFaces\Face Dataset\999\2.jpg,0
ValidationSet\RawFaces\Face Dataset\225\1.jpg,ValidationSet\RawFaces\Face Dataset\941\0.jpg,0
ValidationSet\RawFaces\Face Dataset\1363\0.jpg,ValidationSet\RawFaces\Face Dataset\1293\1.jpg,0
ValidationSet\RawFaces\Face Dataset\859\1.jpg,ValidationSet\RawFaces\Face Dataset\859\0.jpg,1
ValidationSet\RawFaces\Face Dataset\195\2.jpg,ValidationSet\RawFaces\Face Dataset\1477\1.jpg,0
ValidationSet\RawFaces\Face Dataset\1588\42.jpg,ValidationSet\RawFaces\Face Dataset\1108\2.jpg,0
ValidationSet\RawFaces\Face Dataset\579\1.jpg,ValidationSet\RawFaces\Face Dataset\397\0.jpg,0
ValidationSet\RawFaces\Face Dataset\1429\0.jpg,ValidationSet\RawFaces\Face Dataset\1429\1.jpg,1
ValidationSet\RawFaces\Face Dataset\1558\1.jpg,ValidationSet\RawFaces\Face Dataset\1558\2.jpg,1
ValidationSet\RawFaces\Face Dataset\656\1.jpg,ValidationSet\RawFaces\Face Dataset\656\0.jpg,1
ValidationSet\RawFaces\Face Dataset\1415\1.jpg,ValidationSet\RawFaces\Face Dataset\680\2.jpg,0
ValidationSet\RawFaces\Face Dataset\729\1.jpg,ValidationSet\RawFaces\Face Dataset\522\1.jpg,0
ValidationSet\RawFaces\Face Dataset\733\2.jpg,ValidationSet\RawFaces\Face Dataset\733\0.jpg,1
ValidationSet\RawFaces\Face Dataset\601\0.jpg,ValidationSet\RawFaces\Face Dataset\601\3.jpg,1
ValidationSet\RawFaces\Face Dataset\1245\1.jpg,ValidationSet\RawFaces\Face Dataset\1273\0.jpg,0
ValidationSet\RawFaces\Face Dataset\1410\1.jpg,ValidationSet\RawFaces\Face Dataset\1410\2.jpg,1
ValidationSet\RawFaces\Face Dataset\621\1.jpg,ValidationSet\RawFaces\Face Dataset\621\6.jpg,1
ValidationSet\RawFaces\Face Dataset\1123\1.jpg,ValidationSet\RawFaces\Face Dataset\1123\0.jpg,1
ValidationSet\RawFaces\Face Dataset\1616\9.jpg,ValidationSet\RawFaces\Face Dataset\550\0.jpg,0
ValidationSet\RawFaces\Face Dataset\1074\0.jpg,ValidationSet\RawFaces\Face Dataset\1074\3.jpg,1
ValidationSet\RawFaces\Face Dataset\1061\4.jpg,ValidationSet\RawFaces\Face Dataset\1313\2.jpg,0
ValidationSet\RawFaces\Face Dataset\1318\1.jpg,ValidationSet\RawFaces\Face Dataset\407\0.jpg,0
ValidationSet\RawFaces\Face Dataset\651\2.jpg,ValidationSet\RawFaces\Face Dataset\623\0.jpg,0
ValidationSet\RawFaces\Face Dataset\261\3.jpg,ValidationSet\RawFaces\Face Dataset\990\1.jpg,0
ValidationSet\RawFaces\Face Dataset\1617\1.jpg,ValidationSet\RawFaces\Face Dataset\1617\0.jpg,1
ValidationSet\RawFaces\Face Dataset\1356\2.jpg,ValidationSet\RawFaces\Face Dataset\1356\0.jpg,1
ValidationSet\RawFaces\Face Dataset\1504\0.jpg,ValidationSet\RawFaces\Face Dataset\1504\1.jpg,1
ValidationSet\RawFaces\Face Dataset\303\1.jpg,ValidationSet\RawFaces\Face Dataset\303\2.jpg,1
ValidationSet\RawFaces\Face Dataset\1051\1.jpg,ValidationSet\RawFaces\Face Dataset\1051\0.jpg,1
ValidationSet\RawFaces\Face Dataset\691\3.jpg,ValidationSet\RawFaces\Face Dataset\691\2.jpg,1
ValidationSet\RawFaces\Face Dataset\198\0.jpg,ValidationSet\RawFaces\Face Dataset\198\1.jpg,1
ValidationSet\RawFaces\Face Dataset\1464\2.jpg,ValidationSet\RawFaces\Face Dataset\329\0.jpg,0
ValidationSet\RawFaces\Face Dataset\1322\0.jpg,ValidationSet\RawFaces\Face Dataset\1322\1.jpg,1
ValidationSet\RawFaces\Face Dataset\1371\0.jpg,ValidationSet\RawFaces\Face Dataset\136\1.jpg,0
ValidationSet\RawFaces\Face Dataset\37\2.jpg,ValidationSet\RawFaces\Face Dataset\1187\3.jpg,0
ValidationSet\RawFaces\Face Dataset\130\0.jpg,ValidationSet\RawFaces\Face Dataset\774\1.jpg,0
ValidationSet\RawFaces\Face Dataset\92\6.jpg,ValidationSet\RawFaces\Face Dataset\92\2.jpg,1
ValidationSet\RawFaces\Face Dataset\80\0.jpg,ValidationSet\RawFaces\Face Dataset\80\1.jpg,1
ValidationSet\RawFaces\Face Dataset\12\1.jpg,ValidationSet\RawFaces\Face Dataset\12\0.jpg,1
ValidationSet\RawFaces\Face Dataset\217\0.jpg,ValidationSet\RawFaces\Face Dataset\73\0.jpg,0
ValidationSet\RawFaces\Face Dataset\1424\0.jpg,ValidationSet\RawFaces\Face Dataset\568\1.jpg,0
ValidationSet\RawFaces\Face Dataset\780\0.jpg,ValidationSet\RawFaces\Face Dataset\780\1.jpg,1
ValidationSet\RawFaces\Face Dataset\1344\1.jpg,ValidationSet\RawFaces\Face Dataset\1344\0.jpg,1
